date,food,nonfood,catering,services
2018-12,1592.16,1719.39,169.78,891.21
2019-01,1215.82,1291.65,134.81,828.09
2019-02,1195.18,1259.41,130.14,827.21
2019-03,1311.02,1379.37,138.54,860.49
2019-04,1288.4,1368.53,141.66,865.86
2019-05,1319.29,1383.87,145.4,859.46
2019-06,1316.86,1424.2,149.29,874.2
2019-07,1338.59,1468.44,151.51,892.35
2019-08,1356.97,1540.48,156.92,900.29
2019-09,1341.89,1514.31,166.99,886.42
2019-10,1373.71,1530.86,165.49,892.54
2019-11,1390.12,1542.42,160.26,897.06
2019-12,1672.93,1800,184.06,951.67
2020-01,1275.12,1367.38,141.93,886.42
2020-02,1276.4,1356.53,138.34,881.44
2020-03,1430.71,1522.43,132.99,851.42
2020-04,1229.44,914.98,66.15,564.41
2020-05,1265.47,1041.55,66.99,553
2020-06,1331.57,1340.05,82.32,635.62
2020-07,1394.38,1511.63,112.14,734.48
2020-08,1392.32,1609,131.67,808.5
2020-09,1379.12,1574.09,146.7,835.16
2020-10,1432.68,1606.02,145.22,826.51
2020-11,1433.11,1588.01,135.69,819.95
2020-12,1746.85,1854.81,147.28,897.3
2021-01,1365.56,1476.75,135.95,835.5
2021-02,1348.55,1448.63,135.67,863.83
2021-03,1462.49,1622.26,148.62,926.47
2021-04,1464.95,1653.34,154.85,939.88
2021-05,1490.73,1678.83,157.75,923.33
2021-06,1505.49,1701.21,156.36,942.66
2021-07,1544.89,1765.41,159.61,939.15
2021-08,1559.88,1877.28,169.85,977.19
2021-09,1564.02,1849.6,182.17,990.35
2021-10,1635.87,1847.68,177.26,987.81
2021-11,1626.76,1806,164.97,987.5
2021-12,1985.03,2190.8,188.36,1057.25
2022-01,1538.06,1728.24,170.16,1015.87
2022-02,1548.53,1751.5,167.57,1021.25
2022-03,1792.66,1981.92,177.81,1063.62
2022-04,1722.64,1666.47,180.93,1045.73
2022-05,1750.28,1676.05,182.83,1030.48
2022-06,1739.64,1700.35,185.85,1052.65
2022-07,1772.86,1751.4,191.54,1067.75
2022-08,1763.78,1847.69,203.73,1111.17
2022-09,1727.47,1773.71,221.98,1101.82
2022-10,1772.08,1789.38,221.2,1095.8
2022-11,1770.89,1806.31,215.79,1111.32
2022-12,2134.88,2070.19,230.75,1201.25
2023-01,1679.52,1764.09,217.67,1166.86
2023-02,1678.36,1727.5,208.02,1190.3
2023-03,1825.43,1901.17,227.53,1241.97
2023-04,1823.01,1909.77,227.72,1222.04
2023-05,1867.6,1969.64,233.54,1226.77
2023-06,1889.19,2046.96,230.88,1244.1
2023-07,1938.32,2180.68,232.95,1253.91
2023-08,1973.96,2323.19,238.88,1299.03
2023-09,1933.93,2254.86,256.35,1287.97
2023-10,1981.7,2304.53,261.75,1294.16
2023-11,1996.77,2211.92,253.98,1305.15
2023-12,2438.09,2535.52,279.1,1386.11
2024-01,1923.67,2110.47,255.91,1326.12
2024-02,1971.02,2152.72,261.36,1367.18
2024-03,2114.05,2371.53,273.77,1392.68
2024-04,2090.63,2300.62,279.4,1395.42
2024-05,2166.44,2340.98,282.57,1408.28
2024-06,2175.37,2395.95,287.66,1425.11
2024-07,2241.26,2519.09,294.91,1467.36
2024-08,2264.97,2622.9,307.4,1507.46
2024-09,2189.28,2588.67,313.02,1487.24
2024-10,2241.6,2568.95,319.03,1495.97
2024-11,2271.31,2518.37,311.48,1505.1
2024-12,2760.46,2891.12,345.65,1605.11
2025-01,2178.64,2391.62,390.85,1530.19
2025-02,2174.38,2348.2,381.12,1564.23
2025-03,2419.23,2598.56,418.49,1611.13
2025-04,2401.95,2509.81,436.05,1631.85
2025-05,2497.48,2563.49,448.69,1621.92
2025-06,2474.16,2632.21,430.81,1646.91
2025-07,2585.83,2791.6,438.76,1665.44
2025-08,2555.95,2938.85,458.06,1712.97
2025-09,2417.2,2846.68,466.02,1706.91
2025-10,2497.41,2980.33,472.28,1714.65
2025-11,2437.83,2803.17,440.39,1712.85
2025-12,3004.2,3271.22,488.56,1832.69
2026-01,2369.1,2543,461.05,1739.09
2026-02,2322.8,2521.6,454.18,1783.61
2026-03,2637.6,2953.8,498.35,1852.3
2026-04,2609.74,2866.49,510.4,1861.61
2026-05,2707.94,2992.86,520.61,1829.07
2026-06,2703.43,3069.71,502.8,1847.7
2026-07,2824.59,3212.84,502.87,1849.4
2026-08,2767.2,3293.4,516.8,1889.3
2026-09,2656.76,3198.92,533.65,1873.07
