event_id,title,type,region,territory_ids,event_month,announce_date,expected_sign,source
E1,Прорыв дамбы и паводок в Орске и окрестностях,flood,Оренбургская область,1673;1672;1665;1670;1669;1671,2024-04,2024-04-05,-,Википедия: Наводнение в Оренбургской области (2024)
E2,Паводок на Тоболе в Кургане и районах,flood,Курганская область,1333;1342;1339;1336,2024-04,2024-04-08,-,Википедия: Паводки в России (2024)
E3,"Паводок на Ишиме (Ишим, Ишимский, Абатский, Викуловский районы)",flood,Тюменская область,2192;2203;2195;2200,2024-04,2024-04-12,-,Википедия: Паводки в России (2024)
E4,Наводнение после тайфуна Ханун,flood,Приморский край,785;783;797;796,2023-08,2023-08-11,-,Википедия: Тайфун Ханун (2023)
E5,"Теракт в «Крокус Сити Холле», закрытие комплекса",terror,Московская область,1459,2024-03,2024-03-22,-,Википедия: Террористический акт в «Крокус Сити Холле»
E6,Авария теплоснабжения в Климовске (г.о. Подольск),utility,Московская область,1472,2024-01,2024-01-04,-,"СМИ, январь 2024"
ME028,flood: Целинный муниципальный округ,flood,Курганская область,1352,2024-04,2024-04-08,-,"http://publication.pravo.gov.ru/document/4500202404080001 (реестр maloyan, MIT)"
ME029,flood: Притобольный муниципальный округ,flood,Курганская область,1350,2024-04,2024-04-08,-,"http://publication.pravo.gov.ru/document/4500202404080001 (реестр maloyan, MIT)"
ME030,flood: Куртамышский муниципальный округ,flood,Курганская область,1343,2024-04,2024-04-08,-,"http://publication.pravo.gov.ru/document/4500202404080001 (реестр maloyan, MIT)"
ME035,flood: Казанский муниципальный район,flood,Тюменская область,2204,2024-04,2024-04-08,-,"https://ria.ru/20240418/ishim-1940749363.html (реестр maloyan, MIT)"
ME036,flood: Вагайский муниципальный район,flood,Тюменская область,2199,2024-04,2024-04-08,-,"http://publication.pravo.gov.ru/document/7200202404280001 (реестр maloyan, MIT)"
ME038,flood: городской округ Заводоуковский,flood,Тюменская область,2191,2024-04,2024-04-08,-,"http://publication.pravo.gov.ru/document/7200202404280001 (реестр maloyan, MIT)"
ME039,flood: городской округ город Ялуторовск,flood,Тюменская область,2194,2024-04,2024-04-08,-,"http://publication.pravo.gov.ru/document/7200202404280001 (реестр maloyan, MIT)"
ME040,flood: городской округ город Тобольск,flood,Тюменская область,2193,2024-04,2024-04-08,-,"http://publication.pravo.gov.ru/document/7200202404280001 (реестр maloyan, MIT)"
ME041,flood: Исетский муниципальный район,flood,Тюменская область,2202,2024-04,2024-04-08,-,"http://publication.pravo.gov.ru/document/7200202404280001 (реестр maloyan, MIT)"
ME043,flood: Упоровский муниципальный район,flood,Тюменская область,2212,2024-04,2024-04-08,-,"http://publication.pravo.gov.ru/document/7200202404280001 (реестр maloyan, MIT)"
ME044,flood: Ярковский муниципальный район,flood,Тюменская область,2215,2024-04,2024-04-08,-,"http://publication.pravo.gov.ru/document/7200202404280001 (реестр maloyan, MIT)"
ME045,flood: Уватский муниципальный район,flood,Тюменская область,2211,2024-04,2024-04-08,-,"http://publication.pravo.gov.ru/document/7200202404290001 (реестр maloyan, MIT)"
ME047,flood: Усть-Ишимский муниципальный район,flood,Омская область,1662,2024-05,2024-05-12,-,"http://publication.pravo.gov.ru/document/5500202405120001 (реестр maloyan, MIT)"
ME048,flood: Тарский муниципальный район,flood,Омская область,1659,2024-05,2024-05-12,-,"https://ria.ru/20240512/pavodok-1945373489.html (реестр maloyan, MIT)"
ME049,flood: Тевризский муниципальный район,flood,Омская область,1660,2024-05,2024-05-12,-,"https://ria.ru/20240512/pavodok-1945373489.html (реестр maloyan, MIT)"
ME054,flood: городской округ Лесозаводский,flood,Приморский край,781,2023-08,2023-08-15,-,"http://publication.pravo.gov.ru/document/2500202308150001 (реестр maloyan, MIT)"
ME055,flood: городской округ Спасск-Дальний,flood,Приморский край,784,2023-08,2023-08-15,-,"http://publication.pravo.gov.ru/document/2500202308150001 (реестр maloyan, MIT)"
ME056,flood: Анучинский муниципальный округ,flood,Приморский край,787,2023-08,2023-08-15,-,"http://publication.pravo.gov.ru/document/2500202308150001 (реестр maloyan, MIT)"
ME057,flood: Красноармейский муниципальный округ,flood,Приморский край,791,2023-08,2023-08-15,-,"http://publication.pravo.gov.ru/document/2500202308150001 (реестр maloyan, MIT)"
ME058,flood: Октябрьский муниципальный округ,flood,Приморский край,795,2023-08,2023-08-15,-,"http://publication.pravo.gov.ru/document/2500202308150001 (реестр maloyan, MIT)"
ME059,flood: Пограничный муниципальный округ,flood,Приморский край,798,2023-08,2023-08-15,-,"http://publication.pravo.gov.ru/document/2500202308150001 (реестр maloyan, MIT)"
ME060,flood: Хорольский муниципальный округ,flood,Приморский край,804,2023-08,2023-08-15,-,"http://publication.pravo.gov.ru/document/2500202308150001 (реестр maloyan, MIT)"
ME061,flood: Черниговский муниципальный округ,flood,Приморский край,805,2023-08,2023-08-15,-,"http://publication.pravo.gov.ru/document/2500202308150001 (реестр maloyan, MIT)"
ME062,flood: Чугуевский муниципальный округ,flood,Приморский край,806,2023-08,2023-08-15,-,"http://publication.pravo.gov.ru/document/2500202308150001 (реестр maloyan, MIT)"
ME063,flood: Яковлевский муниципальный округ,flood,Приморский край,808,2023-08,2023-08-15,-,"http://publication.pravo.gov.ru/document/2500202308150001 (реестр maloyan, MIT)"
ME064,flood: Дальнереченский муниципальный район,flood,Приморский край,788,2023-08,2023-08-15,-,"http://publication.pravo.gov.ru/document/2500202308150001 (реестр maloyan, MIT)"
ME065,flood: Михайловский муниципальный район,flood,Приморский край,793,2023-08,2023-08-15,-,"http://publication.pravo.gov.ru/document/2500202308150001 (реестр maloyan, MIT)"
ME066,flood: Надеждинский муниципальный район,flood,Приморский край,794,2023-08,2023-08-15,-,"http://publication.pravo.gov.ru/document/2500202308150001 (реестр maloyan, MIT)"
ME067,flood: Спасский муниципальный район,flood,Приморский край,800,2023-08,2023-08-15,-,"http://publication.pravo.gov.ru/document/2500202308150001 (реестр maloyan, MIT)"
ME068,flood: Кировский муниципальный район,flood,Приморский край,790,2023-08,2023-09-18,-,"http://publication.pravo.gov.ru/document/2500202309200001 (реестр maloyan, MIT)"
ME070,wildfire: Тюменский муниципальный район,wildfire,Тюменская область,2210,2023-05,2023-05-07,-,"http://publication.pravo.gov.ru/document/7200202305150001 (реестр maloyan, MIT)"
