date,key_rate,real_key_rate,core_inflation_3m
2013-09,5.5,-0.68,6.22
2013-10,5.5,-1.08,6.65
2013-11,5.5,-1.18,6.76
2013-12,5.5,-0.6,6.14
2014-01,5.5,0.41,5.07
2014-02,5.5,0.56,4.91
2014-03,7,0.55,6.42
2014-04,7.0681818182,-1.64,8.85
2014-05,7.5,-2.91,10.72
2014-06,7.5,-3.43,11.32
2014-07,7.5869565217,-2.86,10.76
2014-08,8,-1.5,9.65
2014-09,8,-0.79,8.86
2014-10,8,-0.93,9.01
2014-11,9.5,-0.67,10.24
2014-12,13.5,-4.32,18.62
2015-01,17,-11.05,31.53
2015-02,15,-17.29,39.04
2015-03,14.4285714286,-13.89,32.88
2015-04,14,-4.87,19.84
2015-05,12.5789473684,0.6,11.91
2015-06,11.9761904762,3.59,8.1
2015-07,11.5,4.22,6.99
2015-08,11,3.04,7.72
2015-09,11,2.46,8.34
2015-10,11,1.98,8.84
2015-11,11,3.07,7.69
2015-12,11,3.49,7.26
2016-01,11,3.2,7.56
2016-02,11,2.59,8.2
2016-03,11,2.65,8.13
2016-04,11,3.54,7.21
2016-05,11,4.28,6.44
2016-06,10.6904761905,4.23,6.2
2016-07,10.5,4.16,6.09
2016-08,10.5,4.46,5.78
2016-09,10.2727272727,4.72,5.3
2016-10,10,4.97,4.79
2016-11,10,5.32,4.44
2016-12,10,5.54,4.23
2017-01,10,5.83,3.94
2017-02,10,6.52,3.27
2017-03,9.9431818182,7.44,2.33
2017-04,9.75,7.87,1.74
2017-05,9.25,7.49,1.64
2017-06,9.130952381,6.98,2.01
2017-07,9,6.4,2.44
2017-08,9,6.27,2.57
2017-09,8.7619047619,6.12,2.49
2017-10,8.4772727273,6.4,1.95
2017-11,8.25,6.49,1.65
2017-12,8.0119047619,6.28,1.63
2018-01,7.75,5.88,1.77
2018-02,7.5921052632,5.76,1.73
2018-03,7.4375,5.93,1.42
2018-04,7.25,5.52,1.64
2018-05,7.25,4.8,2.34
2018-06,7.25,3.59,3.53
2018-07,7.25,2.68,4.45
2018-08,7.25,2.32,4.82
2018-09,7.375,2.53,4.73
2018-10,7.5,2.83,4.54
2018-11,7.5,2.73,4.64
2018-12,7.625,2.29,5.22
2019-01,7.75,1.71,5.94
2019-02,7.75,1.69,5.96
2019-03,7.75,2.72,4.9
2019-04,7.75,3.97,3.64
2019-05,7.75,4.42,3.19
2019-06,7.625,4.06,3.43
2019-07,7.4673913043,3.56,3.77
2019-08,7.25,3.7,3.42
2019-09,7.0595238095,4.51,2.44
2019-10,6.9130434783,5.29,1.54
2019-11,6.5,4.97,1.46
2019-12,6.3636363636,4.35,1.93
2020-01,6.25,4.26,1.91
2020-02,6.0657894737,4.17,1.82
2020-03,6,3.09,2.82
2020-04,5.9090909091,1.54,4.3
2020-05,5.5,0.61,4.86
2020-06,5.2,0.78,4.39
2020-07,4.4431818182,0.22,4.21
2020-08,4.25,-0.12,4.38
2020-09,4.25,0.16,4.08
2020-10,4.25,0.36,3.88
2020-11,4.25,-0.25,4.51
2020-12,4.25,-1.25,5.57
2021-01,4.25,-1.63,5.98
2021-02,4.25,-2.09,6.47
2021-03,4.3409090909,-3.03,7.6
2021-04,4.6136363636,-3.06,7.92
2021-05,5,-3.53,8.84
2021-06,5.2727272727,-3.36,8.93
2021-07,5.7272727273,-3.35,9.39
2021-08,6.5,-1.89,8.55
2021-09,6.6590909091,-1.48,8.26
2021-10,6.9285714286,-1.69,8.77
2021-11,7.5,-3.06,10.89
2021-12,7.9090909091,-2.68,10.88
2022-01,8.5,-2.01,10.73
2022-02,9.575,-0.47,10.09
2022-03,20,-20.38,50.71
2022-04,17.8571428571,-25.82,58.89
2022-05,13.5,-27.09,55.68
2022-06,10.0714285714,-0.97,11.15
2022-07,9.1428571429,7.02,1.98
2022-08,8,7.64,0.33
2022-09,7.7727272727,6.87,0.84
2022-10,7.5,5.56,1.84
2022-11,7.5,5.49,1.91
2022-12,7.5,5.8,1.61
2023-01,7.5,5.62,1.78
2023-02,7.5,5.63,1.77
2023-03,7.5,5.46,1.93
2023-04,7.5,4.82,2.56
2023-05,7.5,3.32,4.05
2023-06,7.5,2.41,4.97
2023-07,7.7857142857,1.49,6.2
2023-08,10.4782608696,2.02,8.29
2023-09,12.4761904762,1.77,10.52
2023-10,13.1818181818,0.79,12.3
2023-11,15,2.39,12.32
2023-12,15.4761904762,4.57,10.43
2024-01,16,7.42,7.99
2024-02,16,9.27,6.16
2024-03,16,9.62,5.82
2024-04,16,8.46,6.95
2024-05,16,7.49,7.92
2024-06,16,7.22,8.19
2024-07,16.2608695652,8.58,7.07
2024-08,18,9.97,7.3
2024-09,18.5238095238,9.33,8.41
2024-10,19.347826087,7.7,10.81
2024-11,21,8.02,12.02
2024-12,21,6.55,13.56
2025-01,21,7.56,12.5
2025-02,21,9.14,10.87
2025-03,21,11.62,8.4
2025-04,21,13.57,6.54
2025-05,21,14.67,5.52
2025-06,20.25,15.13,4.45
2025-07,19.652173913,14.69,4.33
2025-08,18,13.59,3.88
2025-09,17.4545454545,12.66,4.26
2025-10,16.8913043478,11.75,4.6
2025-11,16.5,11.44,4.54
2025-12,16.3409090909,10.99,4.82
2026-01,16,9.28,6.15
2026-02,15.7631578947,8.78,6.42
2026-03,15.3409090909,8.73,6.08
2026-04,14.9090909091,10.16,4.31
2026-05,14.5,9.71,4.37
2026-06,14.4166666667,9.41,4.58
2026-07,14.1956521739,8.1,5.64
2026-08,14,7.48,6.07
2026-09,14,,
