event_id,event_type,scope,region_name,territory_id,mo_name,announce_date,effective_date,end_date,expected_sign,source_url,source_org,verified,note
E001,key_rate,national,,,,2023-02-10,2023-02-10,,?,https://www.cbr.ru/press/pr/?file=10022023_133000Key.htm,Банк России,1,"key rate 7.50%; hold; no change, effective_date=decision date"
E002,key_rate,national,,,,2023-03-17,2023-03-17,,?,https://www.cbr.ru/press/pr/?file=17032023_133000Key.htm,Банк России,1,"key rate 7.50%; hold; no change, effective_date=decision date"
E003,key_rate,national,,,,2023-04-28,2023-04-28,,?,https://www.cbr.ru/press/pr/?file=28042023_133000Key.htm,Банк России,1,"key rate 7.50%; hold; no change, effective_date=decision date"
E004,key_rate,national,,,,2023-06-09,2023-06-09,,?,https://www.cbr.ru/press/pr/?file=09062023_133024Key.htm,Банк России,1,"key rate 7.50%; hold; no change, effective_date=decision date"
E005,key_rate,national,,,,2023-07-21,2023-07-24,,-,https://www.cbr.ru/press/pr/?file=21072023_133000Key.htm,Банк России,1,key rate 8.50%; +100bp; effective date from cbr.ru KeyRate table; sign - (savings/credit tightening)
E006,key_rate,national,,,,2023-08-15,2023-08-15,,-,https://www.cbr.ru/press/pr/?file=15082023_103000Key.htm,Банк России,1,"key rate 12.00%; +350bp extraordinary meeting, effective same day; effective date from cbr.ru KeyRate table; sign - (savings/credit tightening)"
E007,key_rate,national,,,,2023-09-15,2023-09-18,,-,https://www.cbr.ru/press/pr/?file=15092023_133000Key.htm,Банк России,1,key rate 13.00%; +100bp; effective date from cbr.ru KeyRate table; sign - (savings/credit tightening)
E008,key_rate,national,,,,2023-10-27,2023-10-30,,-,https://www.cbr.ru/press/pr/?file=27102023_133000Key.htm,Банк России,1,key rate 15.00%; +200bp; effective date from cbr.ru KeyRate table; sign - (savings/credit tightening)
E009,key_rate,national,,,,2023-12-15,2023-12-18,,-,https://www.cbr.ru/press/pr/?file=15122023_133000Key.htm,Банк России,1,key rate 16.00%; +100bp; effective date from cbr.ru KeyRate table; sign - (savings/credit tightening)
E010,key_rate,national,,,,2024-02-16,2024-02-16,,?,https://www.cbr.ru/press/pr/?file=16022024_133000Key.htm,Банк России,1,"key rate 16.00%; hold; no change, effective_date=decision date"
E011,key_rate,national,,,,2024-03-22,2024-03-22,,?,https://www.cbr.ru/press/pr/?file=22032024_133000Key.htm,Банк России,1,"key rate 16.00%; hold; no change, effective_date=decision date"
E012,key_rate,national,,,,2024-04-26,2024-04-26,,?,https://www.cbr.ru/press/pr/?file=26042024_133000Key.htm,Банк России,1,"key rate 16.00%; hold; no change, effective_date=decision date"
E013,key_rate,national,,,,2024-06-07,2024-06-07,,?,https://www.cbr.ru/press/pr/?file=07062024_133000Key.htm,Банк России,1,"key rate 16.00%; hold; no change, effective_date=decision date"
E014,key_rate,national,,,,2024-07-26,2024-07-29,,-,https://www.cbr.ru/press/pr/?file=26072024_133000Key.htm,Банк России,1,key rate 18.00%; +200bp; effective date from cbr.ru KeyRate table; sign - (savings/credit tightening)
E015,key_rate,national,,,,2024-09-13,2024-09-16,,-,https://www.cbr.ru/press/pr/?file=13092024_133000Key.htm,Банк России,1,key rate 19.00%; +100bp; effective date from cbr.ru KeyRate table; sign - (savings/credit tightening)
E016,key_rate,national,,,,2024-10-25,2024-10-28,,-,https://www.cbr.ru/press/pr/?file=25102024_133000Key.htm,Банк России,1,key rate 21.00%; +200bp; effective date from cbr.ru KeyRate table; sign - (savings/credit tightening)
E017,key_rate,national,,,,2024-12-20,2024-12-20,,?,https://www.cbr.ru/press/pr/?file=20122024_133000Key.htm,Банк России,1,"key rate 21.00%; hold; no change, effective_date=decision date"
E018,tariff,national,,,,2023-11-10,2024-07-01,,?,https://www.consultant.ru/law/hotdocs/82477.html,Правительство РФ,1,"Распоряжение 3147-р: ЖКУ index 0 in H1 2024, rise from 2024-07-01 (avg 9.8% per interfax.ru/business/968653; region caps 4-15%). No household ЖКУ indexation in 2023 (last was 2022-12-01, 9%). Sign ?: utility bills up, other spend down"
E019,mortgage,national,,,,2022-12-20,2024-07-01,,-,https://ria.ru/20240701/ipoteka-1956525466.html,РИА Новости / Минфин РФ,1,"End of mass льготная ипотека 8% on new builds. Announce = Minfin release 2022-12-20 (extension to 2024-07-01 at 8%, minfin.gov.ru id_4=38304). Sign - (fewer home purchases, less furnishing spend after June rush)"
E020,flood,region,Оренбургская область,,,2024-04-04,2024-04-04,,-,http://publication.pravo.gov.ru/document/5600202404040001,Губернатор Оренбургской области,1,"Указ 103-ук: regional ЧС from 2024-04-04. Federal ЧС by Правкомиссия 2024-04-07 (ria.ru/20240407/pavodok-1938370312.html, verified). Annex (указ 112-ук 13.04.2024) lists 38 МО. Sign - (disruption)"
E021,flood,mo,Оренбургская область,1673,городской округ город Орск,2024-04-04,2024-04-05,,-,https://iz.ru/1677833/2024-04-05/proryv-damby-proizoshel-v-orske-orenburgskoi-oblasti,Известия,1,Orsk dam breach 2024-04-05 20:37; ~6600 houses flooded. МО in zone list of указ 112-ук (pravo 5600202404150004)
E022,flood,mo,Оренбургская область,1672,городской округ город Новотроицк,2024-04-04,2024-04-08,,-,https://www.interfax.ru/russia/954661,Интерфакс,1,"Water over protective dam, evacuation 2024-04-08. МО in zone list of указ 112-ук"
E023,flood,mo,Оренбургская область,1665,городской округ город Оренбург,2024-04-04,2024-04-12,,-,https://ria.ru/20240412/mchs-1939625375.html,РИА Новости,1,"Ural in Orenburg 1143 cm (record) 2024-04-12, >1500 evacuated; peak ~1180 cm on 2024-04-14 (unverified). МО in zone list of указ 112-ук"
E024,flood,mo,Оренбургская область,1670,городской округ Кувандыкский,2024-04-04,2024-04-07,,-,https://www.interfax.ru/russia/954496,Интерфакс,1,Sakmara at Kuvandyk 378 cm (+63 cm overnight) 2024-04-07; houses flooded from ~04-08. МО in zone list of указ 112-ук
E025,flood,region,Курганская область,,,2024-04-08,2024-04-08,,-,http://publication.pravo.gov.ru/document/4500202404080001,Губернатор Курганской области,1,Постановление 62: ЧС regime (regional response) from 2024-04-08 in Курган + 6 МО. Not federal. Kетовский МО also named but not in panel
E026,flood,mo,Курганская область,1333,городской округ город Курган,2024-04-08,2024-04-17,,-,https://ria.ru/20240417/tobol-1940492852.html,РИА Новости,1,Named in пост. 62. Tobol in Kurgan reached dangerous mark 850 cm 2024-04-17; peak ~1015 cm 04-19/20 (unverified)
E027,flood,mo,Курганская область,1339,Звериноголовский муниципальный округ,2024-04-08,2024-04-08,,-,https://ria.ru/20240408/pavodki-1938645306.html,РИА Новости,1,Named in пост. 62. First flood wave expected night of 2024-04-08 in Звериноголовский
E028,flood,mo,Курганская область,1352,Целинный муниципальный округ,2024-04-08,2024-04-08,,-,http://publication.pravo.gov.ru/document/4500202404080001,Губернатор Курганской области,1,Целинный: named in пост. 62 zone; effective_date = regime start (physical peak mid/late April)
E029,flood,mo,Курганская область,1350,Притобольный муниципальный округ,2024-04-08,2024-04-08,,-,http://publication.pravo.gov.ru/document/4500202404080001,Губернатор Курганской области,1,Притобольный: named in пост. 62 zone; effective_date = regime start (physical peak mid/late April)
E030,flood,mo,Курганская область,1343,Куртамышский муниципальный округ,2024-04-08,2024-04-08,,-,http://publication.pravo.gov.ru/document/4500202404080001,Губернатор Курганской области,1,Куртамышский: named in пост. 62 zone; effective_date = regime start (physical peak mid/late April)
E031,flood,mo,Курганская область,1336,Белозерский муниципальный округ,2024-04-08,2024-04-08,,-,http://publication.pravo.gov.ru/document/4500202404080001,Губернатор Курганской области,1,Белозерский: named in пост. 62 zone; effective_date = regime start (physical peak mid/late April)
E032,flood,region,Тюменская область,,,2024-04-08,2024-04-08,,-,http://publication.pravo.gov.ru/document/7200202404080001,Губернатор Тюменской области,1,"Пост. 36: ЧС regime from 2024-04-08 12:00, regional response. Zone narrowed to 14 МО by пост. 51 (2024-04-28) + Уватский by пост. 52. Lifted Aug 2025 per press (tass.ru/obschestvo/24831951, 403, unverified)"
E033,flood,mo,Тюменская область,2192,городской округ город Ишим,2024-04-08,2024-04-08,,-,http://publication.pravo.gov.ru/document/7200202404280001,Губернатор Тюменской области,1,"Named in пост. 51 annex. Ishim river record 1064 cm in city (interfax.ru/russia/958676); peak date ~2024-04-21/22 unverified, 2nd wave 05-01"
E034,flood,mo,Тюменская область,2195,Абатский муниципальный район,2024-04-08,2024-04-27,,-,https://ria.ru/20240429/abatskoe-1942991738.html,РИА Новости,1,Named in пост. 51. Evacuation of Абатское declared 2024-04-27; record 1215 cm on 04-29; >1300 left homes
E035,flood,mo,Тюменская область,2204,Казанский муниципальный район,2024-04-08,2024-04-18,,-,https://ria.ru/20240418/ishim-1940749363.html,РИА Новости,1,Named in пост. 51. Ishim at Ильинка exceeded 2017 record by 56 cm 2024-04-18; 62 homes flooded
E036,flood,mo,Тюменская область,2199,Вагайский муниципальный район,2024-04-08,2024-04-08,,-,http://publication.pravo.gov.ru/document/7200202404280001,Губернатор Тюменской области,1,Named in ЧС zone annex of пост. 51 (2024-04-28); effective_date = regime start
E037,flood,mo,Тюменская область,2200,Викуловский муниципальный район,2024-04-08,2024-04-08,,-,http://publication.pravo.gov.ru/document/7200202404280001,Губернатор Тюменской области,1,Named in ЧС zone annex of пост. 51 (2024-04-28); effective_date = regime start
E038,flood,mo,Тюменская область,2191,городской округ Заводоуковский,2024-04-08,2024-04-08,,-,http://publication.pravo.gov.ru/document/7200202404280001,Губернатор Тюменской области,1,Named in ЧС zone annex of пост. 51 (2024-04-28); effective_date = regime start
E039,flood,mo,Тюменская область,2194,городской округ город Ялуторовск,2024-04-08,2024-04-08,,-,http://publication.pravo.gov.ru/document/7200202404280001,Губернатор Тюменской области,1,Named in ЧС zone annex of пост. 51 (2024-04-28); effective_date = regime start
E040,flood,mo,Тюменская область,2193,городской округ город Тобольск,2024-04-08,2024-04-08,,-,http://publication.pravo.gov.ru/document/7200202404280001,Губернатор Тюменской области,1,Named in ЧС zone annex of пост. 51 (2024-04-28); effective_date = regime start
E041,flood,mo,Тюменская область,2202,Исетский муниципальный район,2024-04-08,2024-04-08,,-,http://publication.pravo.gov.ru/document/7200202404280001,Губернатор Тюменской области,1,Named in ЧС zone annex of пост. 51 (2024-04-28); effective_date = regime start
E042,flood,mo,Тюменская область,2203,Ишимский муниципальный район,2024-04-08,2024-04-08,,-,http://publication.pravo.gov.ru/document/7200202404280001,Губернатор Тюменской области,1,Named in ЧС zone annex of пост. 51 (2024-04-28); effective_date = regime start
E043,flood,mo,Тюменская область,2212,Упоровский муниципальный район,2024-04-08,2024-04-08,,-,http://publication.pravo.gov.ru/document/7200202404280001,Губернатор Тюменской области,1,Named in ЧС zone annex of пост. 51 (2024-04-28); effective_date = regime start
E044,flood,mo,Тюменская область,2215,Ярковский муниципальный район,2024-04-08,2024-04-08,,-,http://publication.pravo.gov.ru/document/7200202404280001,Губернатор Тюменской области,1,Named in ЧС zone annex of пост. 51 (2024-04-28); effective_date = regime start
E045,flood,mo,Тюменская область,2211,Уватский муниципальный район,2024-04-08,2024-04-08,,-,http://publication.pravo.gov.ru/document/7200202404290001,Губернатор Тюменской области,1,Added to ЧС zone by пост. 52 (2024-04-29); effective_date = regime start
E046,flood,region,Омская область,,,2024-05-12,2024-05-12,,-,https://ria.ru/20240520/khotsenko-1947216410.html,РИА Новости,1,Regional ЧС from 2024-05-12 (распоряжение 65-р); federal ЧС from 2024-05-17 per this page
E047,flood,mo,Омская область,1662,Усть-Ишимский муниципальный район,2024-05-12,2024-05-12,,-,http://publication.pravo.gov.ru/document/5500202405120001,Губернатор Омской области,1,Распоряжение 65-р: ЧС from 00:00 2024-05-12 in Усть-Ишим and 8 villages; Ishim dike breach ~05-08 (unverified)
E048,flood,mo,Омская область,1659,Тарский муниципальный район,2024-05-12,2024-05-12,,-,https://ria.ru/20240512/pavodok-1945373489.html,РИА Новости,1,ЧС regime extended to Тарский and Тевризский districts 2024-05-12
E049,flood,mo,Омская область,1660,Тевризский муниципальный район,2024-05-12,2024-05-12,,-,https://ria.ru/20240512/pavodok-1945373489.html,РИА Новости,1,ЧС regime extended to Тарский and Тевризский districts 2024-05-12
E050,flood,region,Республика Саха (Якутия),,,2024-05-20,2024-05-20,,-,https://www.interfax.ru/russia/961317,Интерфакс,1,"Regional ЧС from 2024-05-20 (Намский, Олёкминский flooded). Federal ЧС 2024-06-07 per ria.ru/20240408/proisshestviya-1938591375.html. МО not mapped"
E051,wildfire,region,Республика Саха (Якутия),,,2024-07-01,2024-07-01,,-,https://mchs.gov.ru/deyatelnost/press-centr/novosti/5311736,МЧС России,1,"Federal ЧС (forest fires) by Правкомиссия 2024-07-01; regional ЧС from 2024-06-11 (unverified). 3.2 mln ha burned in season. Small sign, sparse population"
E052,flood,region,Приморский край,,,2023-08-15,2023-08-12,,-,http://publication.pravo.gov.ru/document/2500202308150001,Губернатор Приморского края,1,"Пост. 45-пг: regional ЧС in 15 МО, retroactive from 2023-08-12 (typhoon Khanun). Federal ЧС 2023-08-25 (ria.ru/20230825/primore-1892186922.html, verified)"
E053,flood,mo,Приморский край,785,городской округ Уссурийский,2023-08-15,2023-08-12,,-,http://publication.pravo.gov.ru/document/2500202308150001,Губернатор Приморского края,1,Named in ЧС zone of пост. 45-пг (retroactive to 2023-08-12)
E054,flood,mo,Приморский край,781,городской округ Лесозаводский,2023-08-15,2023-08-12,,-,http://publication.pravo.gov.ru/document/2500202308150001,Губернатор Приморского края,1,Named in ЧС zone of пост. 45-пг (retroactive to 2023-08-12)
E055,flood,mo,Приморский край,784,городской округ Спасск-Дальний,2023-08-15,2023-08-12,,-,http://publication.pravo.gov.ru/document/2500202308150001,Губернатор Приморского края,1,Named in ЧС zone of пост. 45-пг (retroactive to 2023-08-12)
E056,flood,mo,Приморский край,787,Анучинский муниципальный округ,2023-08-15,2023-08-12,,-,http://publication.pravo.gov.ru/document/2500202308150001,Губернатор Приморского края,1,Named in ЧС zone of пост. 45-пг (retroactive to 2023-08-12)
E057,flood,mo,Приморский край,791,Красноармейский муниципальный округ,2023-08-15,2023-08-12,,-,http://publication.pravo.gov.ru/document/2500202308150001,Губернатор Приморского края,1,Named in ЧС zone of пост. 45-пг (retroactive to 2023-08-12)
E058,flood,mo,Приморский край,795,Октябрьский муниципальный округ,2023-08-15,2023-08-12,,-,http://publication.pravo.gov.ru/document/2500202308150001,Губернатор Приморского края,1,Named in ЧС zone of пост. 45-пг (retroactive to 2023-08-12)
E059,flood,mo,Приморский край,798,Пограничный муниципальный округ,2023-08-15,2023-08-12,,-,http://publication.pravo.gov.ru/document/2500202308150001,Губернатор Приморского края,1,Named in ЧС zone of пост. 45-пг (retroactive to 2023-08-12)
E060,flood,mo,Приморский край,804,Хорольский муниципальный округ,2023-08-15,2023-08-12,,-,http://publication.pravo.gov.ru/document/2500202308150001,Губернатор Приморского края,1,Named in ЧС zone of пост. 45-пг (retroactive to 2023-08-12)
E061,flood,mo,Приморский край,805,Черниговский муниципальный округ,2023-08-15,2023-08-12,,-,http://publication.pravo.gov.ru/document/2500202308150001,Губернатор Приморского края,1,Named in ЧС zone of пост. 45-пг (retroactive to 2023-08-12)
E062,flood,mo,Приморский край,806,Чугуевский муниципальный округ,2023-08-15,2023-08-12,,-,http://publication.pravo.gov.ru/document/2500202308150001,Губернатор Приморского края,1,Named in ЧС zone of пост. 45-пг (retroactive to 2023-08-12)
E063,flood,mo,Приморский край,808,Яковлевский муниципальный округ,2023-08-15,2023-08-12,,-,http://publication.pravo.gov.ru/document/2500202308150001,Губернатор Приморского края,1,Named in ЧС zone of пост. 45-пг (retroactive to 2023-08-12)
E064,flood,mo,Приморский край,788,Дальнереченский муниципальный район,2023-08-15,2023-08-12,,-,http://publication.pravo.gov.ru/document/2500202308150001,Губернатор Приморского края,1,Named in ЧС zone of пост. 45-пг (retroactive to 2023-08-12)
E065,flood,mo,Приморский край,793,Михайловский муниципальный район,2023-08-15,2023-08-12,,-,http://publication.pravo.gov.ru/document/2500202308150001,Губернатор Приморского края,1,Named in ЧС zone of пост. 45-пг (retroactive to 2023-08-12)
E066,flood,mo,Приморский край,794,Надеждинский муниципальный район,2023-08-15,2023-08-12,,-,http://publication.pravo.gov.ru/document/2500202308150001,Губернатор Приморского края,1,Named in ЧС zone of пост. 45-пг (retroactive to 2023-08-12)
E067,flood,mo,Приморский край,800,Спасский муниципальный район,2023-08-15,2023-08-12,,-,http://publication.pravo.gov.ru/document/2500202308150001,Губернатор Приморского края,1,Named in ЧС zone of пост. 45-пг (retroactive to 2023-08-12)
E068,flood,mo,Приморский край,790,Кировский муниципальный район,2023-09-18,2023-08-29,,-,http://publication.pravo.gov.ru/document/2500202309200001,Губернатор Приморского края,1,Added to ЧС zone by пост. 60-пг (2023-09-18) after rains 29-30 Aug 2023
E069,wildfire,region,Тюменская область,,,2023-05-07,2023-05-07,2023-06-01,-,http://publication.pravo.gov.ru/document/7200202305070001,Губернатор Тюменской области,1,"Пост. 41: ЧС (fires) from 20:00 2023-05-07, region-wide, forest entry ban; lifted from 2023-06-01 by пост. 63 (pravo 7200202305310002)"
E070,wildfire,mo,Тюменская область,2210,Тюменский муниципальный район,2023-05-07,2023-05-04,,-,http://publication.pravo.gov.ru/document/7200202305150001,Правительство Тюменской области,1,"Пост. 282-п: aid after fires in Салаирка, Успенка (05-04/06), Речкина, Богандинский (05-07), Тюменский район"
E071,wildfire,region,Курганская область,,,2023-05-07,2023-05-07,,-,https://www.interfax.ru/russia/900535,Интерфакс,1,"Region-wide ЧС due to wildfires from 2023-05-07; 21 dead (rbc.ru, unverified). End date not found"
