region_key,month,all,attack,disaster,emergency,fire,flood,layoff,payments,plant,transport
адыгея,2022-12,1,0,0,0,1,0,0,0,0,0
адыгея,2023-02,5,1,0,0,0,0,0,0,0,0
адыгея,2023-07,1,0,0,0,0,0,0,0,0,0
адыгея,2023-08,1,0,0,0,1,0,0,0,0,0
адыгея,2023-12,1,0,0,0,0,0,0,0,0,0
адыгея,2024-03,4,0,0,0,0,0,0,0,0,0
адыгея,2024-04,1,0,0,0,0,0,0,0,0,0
адыгея,2024-05,1,0,0,0,0,0,0,0,0,0
адыгея,2024-06,5,4,0,1,2,0,0,0,1,0
адыгея,2024-07,6,0,0,0,0,0,0,0,0,0
адыгея,2024-08,1,0,0,0,0,0,0,0,0,0
адыгея,2024-10,12,10,0,5,2,0,0,0,0,0
адыгея,2024-12,2,0,0,1,0,0,0,0,1,0
алтай,2023-07,2,0,0,0,0,0,0,0,0,2
алтай,2024-03,1,0,0,0,0,0,0,0,0,1
алтай,2024-04,3,0,0,0,0,0,0,0,0,3
алтай,2024-07,4,0,0,0,0,0,0,0,0,2
алтай,2024-09,1,0,0,0,0,0,0,0,0,0
алтай,2024-10,2,0,0,0,0,0,0,0,0,1
алтайский,2023-02,2,0,0,0,0,0,0,0,0,0
алтайский,2023-05,3,0,0,0,1,0,0,0,0,0
алтайский,2023-06,4,1,0,0,0,0,0,0,0,0
алтайский,2023-11,5,0,0,1,0,0,0,0,0,0
алтайский,2024-01,2,0,0,2,0,0,0,0,0,0
алтайский,2024-02,1,0,0,0,0,0,0,0,0,0
алтайский,2024-03,2,0,1,1,0,1,0,0,0,0
алтайский,2024-04,4,0,4,0,0,4,0,0,0,0
алтайский,2024-05,2,0,0,0,0,0,0,0,0,0
алтайский,2024-06,1,0,0,0,0,0,0,0,0,0
алтайский,2024-08,1,0,0,0,0,0,0,0,0,0
алтайский,2024-09,7,0,1,1,3,0,0,0,3,0
алтайский,2024-10,4,0,1,0,0,1,0,0,0,0
алтайский,2024-11,6,0,0,0,1,0,0,0,0,0
алтайский,2024-12,1,0,0,0,0,0,0,0,0,0
амурская,2022-12,2,0,0,0,0,0,0,0,0,0
амурская,2023-02,1,0,0,0,0,0,0,0,0,0
амурская,2023-03,1,0,0,0,0,0,0,0,0,0
амурская,2023-04,2,0,0,0,0,0,0,0,0,0
амурская,2023-05,3,0,0,0,0,0,0,0,0,0
амурская,2023-06,2,1,0,0,0,0,0,0,0,0
амурская,2023-08,1,0,0,0,0,0,0,0,0,0
амурская,2023-09,4,0,0,0,0,0,0,0,0,0
амурская,2023-10,1,0,0,0,0,0,0,0,0,0
амурская,2024-03,5,0,1,3,0,0,0,0,2,0
амурская,2024-05,3,0,0,1,0,0,0,0,0,0
амурская,2024-06,4,0,0,0,0,0,0,0,0,0
амурская,2024-08,2,0,0,0,0,0,0,0,0,0
амурская,2024-09,2,0,0,0,0,0,0,0,0,0
амурская,2024-10,1,0,0,0,0,0,0,0,0,0
амурская,2024-12,5,0,0,0,0,0,0,0,0,0
архангельская,2022-12,1,1,0,0,0,0,0,0,0,0
архангельская,2023-02,4,0,0,0,0,0,0,0,0,0
архангельская,2023-03,1,1,0,0,0,0,0,0,0,0
архангельская,2023-07,4,0,0,0,1,0,0,0,0,0
архангельская,2023-08,5,1,0,0,2,0,0,0,0,1
архангельская,2023-10,3,1,0,0,0,0,0,0,0,0
архангельская,2023-11,2,0,0,0,0,0,0,0,0,0
архангельская,2023-12,3,1,0,0,0,0,0,0,0,0
архангельская,2024-01,5,0,0,0,0,0,0,0,0,2
архангельская,2024-02,5,1,0,0,0,0,0,0,0,0
архангельская,2024-04,1,1,0,0,0,0,0,0,0,0
архангельская,2024-05,10,1,0,0,6,0,0,0,0,0
архангельская,2024-07,3,0,0,0,1,0,0,0,0,0
архангельская,2024-08,4,0,0,0,2,0,0,0,0,0
архангельская,2024-09,8,0,0,0,0,0,0,0,0,0
архангельская,2024-10,1,0,0,0,0,0,0,0,0,0
астраханская,2022-12,4,0,0,1,0,0,0,0,0,0
астраханская,2023-01,2,0,0,0,0,0,1,0,0,0
астраханская,2023-02,1,0,0,0,0,0,0,0,0,0
астраханская,2023-03,3,0,0,0,0,0,0,0,0,0
астраханская,2023-04,1,0,0,0,0,0,0,0,0,0
астраханская,2023-06,2,0,0,0,0,0,0,0,0,0
астраханская,2023-07,3,0,0,0,2,0,0,0,0,0
астраханская,2023-08,2,0,0,1,0,0,0,0,0,0
астраханская,2023-09,1,0,0,0,0,0,0,0,0,0
астраханская,2023-11,43,0,2,29,0,0,0,1,0,0
астраханская,2023-12,2,0,0,0,0,0,0,0,0,0
астраханская,2024-01,6,0,0,0,1,0,0,0,0,0
астраханская,2024-02,2,0,0,0,0,0,0,0,0,0
астраханская,2024-03,3,0,0,0,1,0,0,0,0,0
астраханская,2024-04,5,0,0,0,3,0,0,0,0,0
астраханская,2024-05,4,0,0,0,0,0,0,0,0,0
астраханская,2024-06,2,0,0,1,0,0,0,0,0,1
астраханская,2024-07,14,7,0,0,0,0,0,0,0,5
астраханская,2024-09,3,1,0,0,0,0,0,0,0,0
астраханская,2024-10,4,0,0,0,0,0,0,0,0,0
астраханская,2024-11,9,6,0,0,0,0,0,0,0,2
астраханская,2024-12,5,3,0,0,0,0,0,0,0,0
башкортостан,2022-12,3,0,0,0,0,0,0,0,0,0
башкортостан,2023-01,13,0,0,1,1,0,0,0,0,2
башкортостан,2023-02,1,0,0,0,0,0,0,0,0,0
башкортостан,2023-03,1,0,0,0,0,0,0,0,0,0
башкортостан,2023-04,1,0,0,0,0,0,0,0,0,0
башкортостан,2023-05,3,0,0,0,0,0,0,0,0,0
башкортостан,2023-07,3,0,0,1,0,0,0,0,0,0
башкортостан,2023-08,5,0,1,1,0,0,0,0,0,0
башкортостан,2023-09,5,0,0,0,1,0,0,0,0,0
башкортостан,2023-10,1,0,0,0,0,0,0,0,0,0
башкортостан,2023-12,3,0,0,0,0,0,0,0,0,0
башкортостан,2024-01,12,0,0,1,0,0,0,0,0,1
башкортостан,2024-02,3,0,0,0,0,0,0,0,0,0
башкортостан,2024-03,3,0,0,0,0,0,0,0,0,0
башкортостан,2024-04,4,0,0,0,0,0,0,0,0,0
башкортостан,2024-05,8,5,0,0,0,0,0,0,2,0
башкортостан,2024-06,6,0,0,0,0,0,0,0,0,0
башкортостан,2024-07,7,0,1,3,0,1,0,0,0,0
башкортостан,2024-08,13,0,0,5,5,0,0,0,5,1
башкортостан,2024-09,8,0,0,0,0,0,0,0,0,0
башкортостан,2024-10,3,0,0,0,0,0,0,0,0,0
башкортостан,2024-11,5,1,0,0,0,0,0,0,0,0
башкортостан,2024-12,6,0,0,0,0,0,0,0,0,0
бурятия,2022-12,14,0,0,0,0,0,0,1,0,0
бурятия,2023-01,1,0,0,0,0,0,0,0,0,0
бурятия,2023-03,4,0,0,0,0,0,0,0,0,0
бурятия,2023-05,2,0,0,0,0,0,0,0,0,0
бурятия,2023-07,2,0,0,0,0,0,0,0,0,0
бурятия,2023-08,9,0,3,1,0,3,0,0,0,0
бурятия,2023-09,2,0,0,0,0,0,0,0,0,0
бурятия,2023-10,3,0,0,1,0,0,0,0,0,0
бурятия,2023-11,2,0,0,0,0,0,0,0,0,0
бурятия,2023-12,1,0,0,0,0,0,0,0,0,0
бурятия,2024-01,5,0,0,0,0,0,0,0,0,0
бурятия,2024-03,1,0,0,0,0,0,0,0,0,0
бурятия,2024-04,12,0,1,0,8,1,0,0,0,0
бурятия,2024-05,2,0,0,0,1,0,0,0,0,0
бурятия,2024-06,2,0,1,1,1,0,0,0,0,1
бурятия,2024-07,9,0,2,2,2,0,0,0,0,1
бурятия,2024-08,9,0,4,3,0,4,0,0,0,1
бурятия,2024-09,3,0,0,0,0,0,0,0,0,0
бурятия,2024-10,1,0,0,0,0,0,0,0,0,0
бурятия,2024-11,1,0,0,1,0,0,0,0,0,0
бурятия,2024-12,2,0,0,0,0,0,0,0,0,0
владимирская,2023-04,1,0,0,0,0,0,0,0,0,0
владимирская,2023-06,2,0,0,0,0,0,0,0,0,0
владимирская,2023-08,2,0,0,0,2,0,0,0,0,0
владимирская,2023-10,1,0,0,0,0,0,0,0,0,0
владимирская,2023-11,1,0,0,0,0,0,0,0,0,0
владимирская,2023-12,1,0,0,0,0,0,0,0,0,0
владимирская,2024-01,2,0,0,0,2,0,0,0,0,0
владимирская,2024-04,7,1,1,0,0,1,0,0,0,0
владимирская,2024-05,2,0,0,0,0,0,0,0,0,0
владимирская,2024-06,4,3,0,0,0,0,0,0,0,0
владимирская,2024-09,3,0,0,2,1,0,0,0,0,0
владимирская,2024-10,6,0,0,0,2,0,0,0,0,0
владимирская,2024-12,3,2,0,0,1,0,0,0,0,0
волгоградская,2022-12,8,1,0,0,1,0,0,0,0,0
волгоградская,2023-01,9,0,0,0,0,0,0,0,0,0
волгоградская,2023-02,7,0,0,0,0,0,0,0,1,0
волгоградская,2023-03,5,0,0,0,0,0,0,0,0,0
волгоградская,2023-04,5,0,0,0,0,0,0,0,0,0
волгоградская,2023-05,6,0,0,0,0,0,0,0,0,0
волгоградская,2023-06,9,0,0,0,0,0,0,0,0,0
волгоградская,2023-07,6,0,0,0,3,0,0,0,0,0
волгоградская,2023-08,8,0,0,1,0,0,0,0,0,0
волгоградская,2023-09,24,4,0,0,0,0,0,0,0,0
волгоградская,2023-10,3,0,0,0,0,0,0,0,0,0
волгоградская,2023-11,9,2,0,1,1,0,0,0,0,0
волгоградская,2023-12,6,2,0,0,0,0,0,0,0,2
волгоградская,2024-01,3,2,0,0,0,0,0,0,0,0
волгоградская,2024-02,12,1,0,0,4,0,0,0,2,1
волгоградская,2024-03,3,2,0,0,0,0,0,0,0,0
волгоградская,2024-04,3,1,0,0,0,0,0,0,1,0
волгоградская,2024-05,17,2,0,1,2,0,0,0,0,1
волгоградская,2024-06,1,0,0,0,0,0,0,0,0,0
волгоградская,2024-07,90,4,0,22,3,0,0,0,0,1
волгоградская,2024-08,24,7,0,1,3,0,0,0,0,5
волгоградская,2024-09,5,1,0,0,0,0,0,0,0,0
волгоградская,2024-10,8,2,0,0,0,0,0,0,0,1
волгоградская,2024-11,9,1,0,0,0,0,0,0,0,2
волгоградская,2024-12,1,0,0,0,0,0,0,0,0,0
вологодская,2023-02,1,0,0,0,1,0,0,0,0,0
вологодская,2023-04,1,0,0,0,0,0,0,0,0,0
вологодская,2023-06,1,0,0,0,0,0,0,0,0,0
вологодская,2023-09,8,0,0,0,0,0,0,0,0,0
вологодская,2023-10,4,0,0,0,0,0,0,0,0,0
вологодская,2023-11,3,0,0,0,0,0,0,0,0,0
вологодская,2023-12,1,0,0,0,0,0,0,0,0,0
вологодская,2024-03,4,2,0,0,0,0,0,0,2,0
вологодская,2024-05,1,0,0,0,0,0,0,0,0,0
вологодская,2024-07,1,0,0,0,0,0,0,0,0,0
вологодская,2024-08,2,0,0,0,0,0,0,0,0,0
вологодская,2024-09,2,0,0,0,0,0,0,0,0,0
вологодская,2024-10,3,0,0,0,0,0,0,0,2,0
вологодская,2024-12,2,0,0,0,0,0,0,0,0,0
дагестан,2022-12,14,0,0,1,0,0,0,0,0,0
дагестан,2023-01,9,0,0,4,0,0,0,0,0,1
дагестан,2023-02,8,0,0,0,0,0,0,0,0,0
дагестан,2023-03,6,0,0,0,0,0,0,0,0,0
дагестан,2023-04,6,0,0,2,0,0,0,0,0,0
дагестан,2023-05,4,0,0,0,0,0,0,0,0,0
дагестан,2023-06,9,0,0,0,0,0,0,0,0,1
дагестан,2023-07,9,0,0,2,0,0,0,0,0,0
дагестан,2023-08,115,0,2,79,10,0,0,0,0,3
дагестан,2023-09,25,0,0,9,7,0,0,0,0,0
дагестан,2023-10,103,0,0,3,0,0,2,0,0,46
дагестан,2023-11,44,0,0,0,1,0,0,0,0,7
дагестан,2023-12,25,0,0,3,0,0,0,0,0,4
дагестан,2024-01,5,0,0,1,0,0,0,0,0,0
дагестан,2024-02,16,0,0,0,2,0,0,0,0,0
дагестан,2024-03,10,0,0,1,0,0,0,0,0,0
дагестан,2024-04,17,0,0,1,0,0,0,0,0,0
дагестан,2024-05,14,0,0,0,0,0,0,0,0,0
дагестан,2024-06,137,10,0,0,1,0,0,1,0,3
дагестан,2024-07,63,0,0,3,5,0,0,1,0,1
дагестан,2024-08,13,0,0,0,0,0,0,0,0,1
дагестан,2024-09,62,0,2,43,7,0,0,0,0,2
дагестан,2024-10,16,0,0,4,0,0,0,0,0,1
дагестан,2024-11,27,11,0,2,0,0,0,0,0,5
дагестан,2024-12,9,0,0,2,0,0,0,0,0,3
еврейская,2024-01,1,0,0,0,1,0,0,0,0,0
еврейская,2024-09,1,0,0,0,0,0,0,0,0,0
еврейская,2024-11,1,0,0,0,0,0,0,0,0,0
забайкальский,2022-12,2,0,0,1,0,0,0,0,1,0
забайкальский,2023-01,2,0,0,0,0,0,0,0,0,0
забайкальский,2023-02,1,0,0,0,0,0,0,0,0,0
забайкальский,2023-03,16,0,0,12,0,0,0,0,1,0
забайкальский,2023-04,5,0,0,1,2,0,0,0,2,0
забайкальский,2023-05,7,0,0,0,2,0,0,0,0,0
забайкальский,2023-06,1,0,0,0,0,0,0,0,0,0
забайкальский,2023-08,10,0,0,0,0,0,0,0,0,1
забайкальский,2023-09,2,0,0,0,1,0,0,0,0,0
забайкальский,2023-10,2,0,1,0,0,1,0,0,0,0
забайкальский,2023-11,5,0,0,3,0,0,0,0,3,0
забайкальский,2023-12,1,0,0,0,0,0,0,0,0,0
забайкальский,2024-01,7,0,0,1,0,0,0,0,0,0
забайкальский,2024-02,1,0,0,0,0,0,0,0,0,0
забайкальский,2024-03,6,0,0,0,0,0,0,0,0,0
забайкальский,2024-04,3,0,0,0,0,0,0,0,0,0
забайкальский,2024-05,7,0,0,0,3,0,0,0,0,0
забайкальский,2024-06,7,0,1,2,1,0,0,0,0,0
забайкальский,2024-08,1,0,1,1,0,1,0,0,0,0
забайкальский,2024-09,4,0,0,0,0,0,0,0,0,0
забайкальский,2024-10,5,0,0,0,0,0,0,0,1,0
забайкальский,2024-11,2,0,0,0,0,0,0,0,0,0
забайкальский,2024-12,5,0,0,0,0,0,0,0,0,0
ивановская,2023-05,4,0,0,0,0,0,0,0,0,0
ивановская,2023-06,2,0,0,0,0,0,0,0,0,0
ивановская,2023-09,2,0,0,0,0,0,0,0,0,0
ивановская,2023-12,1,0,0,1,0,0,0,0,0,0
ивановская,2024-01,2,0,0,1,0,0,0,0,0,0
ивановская,2024-03,29,0,0,0,2,0,0,0,0,0
ивановская,2024-04,1,0,0,0,0,0,0,0,0,1
ивановская,2024-05,2,0,0,0,0,0,0,0,0,0
ивановская,2024-07,1,0,0,0,0,0,0,0,0,0
ивановская,2024-09,2,0,0,0,0,0,0,0,0,0
ивановская,2024-12,1,0,0,0,0,0,0,0,0,0
ингушетия,2022-12,7,0,0,3,1,0,0,0,0,1
ингушетия,2023-01,1,0,0,0,0,0,0,0,0,0
ингушетия,2023-02,3,0,0,0,0,0,0,0,1,0
ингушетия,2023-03,1,0,0,0,0,0,0,0,0,0
ингушетия,2023-04,10,2,0,0,0,0,0,0,0,0
ингушетия,2023-05,2,0,0,0,0,0,0,0,0,0
ингушетия,2023-07,1,0,0,0,0,0,0,0,0,0
ингушетия,2023-08,1,0,0,0,0,0,0,0,0,0
ингушетия,2023-09,2,0,0,0,0,0,0,0,0,0
ингушетия,2023-10,2,0,0,0,0,0,0,0,0,1
ингушетия,2023-11,2,0,0,0,0,0,0,0,0,0
ингушетия,2024-03,3,0,0,0,0,0,0,0,0,0
ингушетия,2024-04,2,1,0,0,0,0,0,0,0,0
ингушетия,2024-05,2,0,0,0,0,0,0,0,0,0
ингушетия,2024-06,4,0,0,0,0,0,0,0,0,0
ингушетия,2024-07,1,0,0,0,0,0,0,0,0,0
ингушетия,2024-08,4,0,1,1,0,0,0,0,0,0
ингушетия,2024-09,5,0,0,0,0,0,0,0,0,0
ингушетия,2024-10,7,0,0,0,0,0,0,0,0,0
ингушетия,2024-11,1,0,0,0,0,0,0,0,0,0
ингушетия,2024-12,4,0,0,1,0,0,0,0,0,0
иркутская,2022-12,32,0,0,2,24,0,0,0,1,0
иркутская,2023-01,2,0,0,0,1,0,0,0,0,0
иркутская,2023-02,1,0,0,0,0,0,0,0,0,0
иркутская,2023-03,2,0,0,0,0,0,0,0,0,0
иркутская,2023-04,6,0,0,1,1,0,0,0,0,2
иркутская,2023-05,7,0,4,0,0,4,0,0,0,0
иркутская,2023-06,4,0,1,1,0,0,0,0,1,0
иркутская,2023-07,8,0,1,1,1,0,0,0,1,0
иркутская,2023-08,3,0,0,0,2,0,0,0,0,1
иркутская,2023-09,7,0,0,0,1,0,0,0,0,2
иркутская,2023-10,4,0,0,1,0,0,0,0,0,0
иркутская,2023-11,6,0,0,1,0,0,0,0,0,0
иркутская,2023-12,5,0,0,0,1,0,0,0,0,0
иркутская,2024-01,2,0,0,1,0,0,0,0,0,0
иркутская,2024-03,3,0,0,0,0,0,0,0,0,0
иркутская,2024-04,5,0,0,1,2,0,0,0,0,0
иркутская,2024-05,12,0,0,0,4,0,0,0,0,0
иркутская,2024-06,4,0,0,0,2,0,0,0,0,0
иркутская,2024-07,3,0,0,0,2,0,0,0,0,0
иркутская,2024-08,20,0,0,2,0,0,0,0,0,0
иркутская,2024-09,8,0,0,1,0,0,0,0,0,0
иркутская,2024-10,3,0,0,0,0,0,0,0,0,1
иркутская,2024-11,3,0,0,0,0,0,0,0,0,1
иркутская,2024-12,7,0,0,0,3,0,0,1,0,0
кабардино-балкарская,2022-12,1,0,0,0,0,0,0,0,0,0
кабардино-балкарская,2023-04,1,0,0,0,0,0,0,0,0,0
кабардино-балкарская,2023-06,1,0,0,0,0,0,0,0,0,0
кабардино-балкарская,2023-09,1,0,0,0,0,0,0,0,0,0
кабардино-балкарская,2023-10,1,0,0,0,0,0,0,0,0,0
кабардино-балкарская,2024-02,1,0,0,0,0,0,0,0,0,0
кабардино-балкарская,2024-04,3,0,0,0,0,0,0,0,0,0
кабардино-балкарская,2024-06,2,0,0,1,0,0,0,0,0,0
кабардино-балкарская,2024-07,1,0,0,0,0,0,0,0,0,0
кабардино-балкарская,2024-08,1,0,0,0,0,0,0,0,0,0
кабардино-балкарская,2024-09,1,0,0,0,0,0,0,0,0,0
кабардино-балкарская,2024-11,1,0,0,0,0,0,0,0,0,0
кабардино-балкарская,2024-12,2,0,0,0,0,0,0,0,0,0
калининградская,2022-12,12,0,0,2,0,0,0,0,0,0
калининградская,2023-01,9,0,0,0,0,0,0,0,1,0
калининградская,2023-02,8,0,0,0,0,0,0,0,0,1
калининградская,2023-03,12,0,0,0,0,0,0,0,0,2
калининградская,2023-04,10,0,0,0,2,0,0,0,0,0
калининградская,2023-05,16,2,0,0,1,0,0,0,0,2
калининградская,2023-06,7,0,0,1,1,0,0,0,1,1
калининградская,2023-07,7,0,0,0,0,0,0,0,0,2
калининградская,2023-08,9,0,0,0,0,0,0,0,0,0
калининградская,2023-09,10,0,0,0,0,0,0,0,0,1
калининградская,2023-10,10,0,0,0,0,0,0,0,0,0
калининградская,2023-11,9,0,0,0,0,0,0,0,0,1
калининградская,2023-12,11,0,0,0,0,0,0,0,0,4
калининградская,2024-01,11,0,0,0,0,0,0,0,1,1
калининградская,2024-02,12,0,0,0,0,0,0,0,0,0
калининградская,2024-03,9,0,0,0,1,0,0,0,0,2
калининградская,2024-04,8,0,0,0,0,0,0,0,0,3
калининградская,2024-05,8,0,0,0,0,0,0,0,0,0
калининградская,2024-06,5,0,0,0,0,0,0,0,0,1
калининградская,2024-07,3,0,0,0,0,0,0,0,0,0
калининградская,2024-08,11,0,0,0,0,0,0,0,0,2
калининградская,2024-09,7,0,0,0,0,0,0,0,0,2
калининградская,2024-10,4,0,0,0,0,0,0,0,0,1
калининградская,2024-11,3,0,0,0,0,0,0,0,0,0
калининградская,2024-12,4,0,0,0,0,0,0,0,0,0
калмыкия,2022-12,1,0,0,1,0,0,0,0,0,0
калмыкия,2023-04,1,0,0,0,0,0,0,0,0,0
калмыкия,2023-09,1,0,0,0,0,0,0,0,0,0
калмыкия,2023-11,1,0,0,0,0,0,0,0,0,0
калмыкия,2024-02,1,0,0,1,0,0,0,0,0,0
калмыкия,2024-07,1,0,0,0,0,0,0,0,0,1
калмыкия,2024-09,3,0,0,0,0,0,0,0,0,0
калмыкия,2024-11,1,0,0,0,0,0,0,0,0,0
калмыкия,2024-12,1,0,0,0,0,0,0,0,0,0
калужская,2022-12,1,0,0,0,0,0,0,0,0,0
калужская,2023-01,2,0,0,0,0,0,0,0,2,0
калужская,2023-02,2,0,0,0,0,0,0,0,1,0
калужская,2023-03,2,0,0,0,0,0,0,0,2,0
калужская,2023-04,5,0,0,0,0,0,0,0,2,0
калужская,2023-05,12,9,0,2,0,0,0,0,3,1
калужская,2023-06,27,17,0,0,1,0,0,0,0,7
калужская,2023-07,2,1,0,0,0,0,0,0,0,0
калужская,2023-08,54,29,0,4,1,0,1,0,2,2
калужская,2023-09,7,4,0,0,0,0,0,0,2,0
калужская,2023-10,1,0,0,0,0,0,0,0,1,0
калужская,2023-11,10,1,0,3,0,0,1,0,2,0
калужская,2023-12,10,5,0,0,0,0,0,0,2,1
калужская,2024-01,9,5,0,0,0,0,0,0,1,0
калужская,2024-02,6,4,0,0,0,0,1,0,1,0
калужская,2024-03,11,9,0,0,0,0,1,0,1,0
калужская,2024-04,11,5,0,1,0,0,0,0,1,1
калужская,2024-05,10,5,0,1,2,0,0,0,3,1
калужская,2024-06,4,1,0,0,0,0,0,0,0,1
калужская,2024-07,11,0,0,0,0,0,0,0,0,0
калужская,2024-08,10,3,0,0,2,0,0,0,2,1
калужская,2024-09,10,8,0,0,0,0,0,0,0,0
калужская,2024-10,6,2,0,0,0,0,0,0,1,0
калужская,2024-11,20,12,0,2,4,0,0,0,4,0
калужская,2024-12,8,2,0,0,3,0,0,0,0,1
камчатский,2022-12,2,0,0,1,0,0,0,0,0,0
камчатский,2023-01,5,0,0,1,0,0,0,0,0,0
камчатский,2023-02,8,0,0,7,0,0,0,0,0,0
камчатский,2023-03,3,0,0,2,0,0,0,0,0,0
камчатский,2023-04,29,0,0,10,0,0,0,0,0,0
камчатский,2023-05,5,0,0,4,0,0,0,0,0,0
камчатский,2023-06,5,0,0,2,0,0,0,0,0,0
камчатский,2023-07,10,0,0,4,0,0,0,0,0,0
камчатский,2023-08,4,0,0,0,0,0,0,0,0,0
камчатский,2023-09,6,0,0,0,0,0,0,0,0,0
камчатский,2023-10,16,0,0,1,0,0,0,0,0,0
камчатский,2023-11,7,0,1,1,0,1,0,0,0,0
камчатский,2023-12,7,0,0,1,0,0,0,0,0,2
камчатский,2024-01,8,0,0,5,0,0,0,0,0,0
камчатский,2024-02,2,0,0,1,0,0,0,0,0,0
камчатский,2024-03,9,0,0,2,0,0,0,0,0,0
камчатский,2024-04,1,0,0,1,0,0,0,0,0,0
камчатский,2024-05,2,0,0,2,0,0,0,0,0,0
камчатский,2024-06,8,0,0,2,0,0,0,0,0,0
камчатский,2024-07,13,0,0,3,0,0,0,0,0,0
камчатский,2024-08,35,0,0,20,0,0,0,0,0,0
камчатский,2024-09,33,0,0,1,0,0,0,0,0,0
камчатский,2024-10,18,0,1,3,0,0,0,0,0,0
камчатский,2024-11,9,0,0,2,0,0,0,0,0,0
камчатский,2024-12,22,0,0,4,0,0,0,0,0,0
карачаево-черкесская,2023-07,4,0,2,3,0,0,0,0,0,0
карачаево-черкесская,2024-08,1,0,0,0,0,0,0,0,0,0
карачаево-черкесская,2024-10,14,0,1,13,0,0,0,0,0,0
карелия,2023-02,1,0,0,0,0,0,0,0,0,0
карелия,2023-03,3,0,0,0,0,0,0,0,0,0
карелия,2023-04,2,0,0,0,0,0,0,0,0,0
карелия,2023-07,3,0,0,0,0,0,0,0,0,0
карелия,2023-08,2,0,0,0,0,0,0,0,0,0
карелия,2023-09,3,0,0,0,0,0,0,0,0,0
карелия,2023-10,1,0,0,0,0,0,0,0,0,0
карелия,2023-11,3,0,0,0,0,0,0,0,0,0
карелия,2023-12,2,0,0,0,0,0,0,0,0,0
карелия,2024-01,1,0,0,0,0,0,0,0,0,1
карелия,2024-02,18,0,0,0,0,0,0,0,0,0
карелия,2024-03,1,0,0,0,0,0,0,0,0,0
карелия,2024-04,2,0,2,0,0,2,0,0,0,1
карелия,2024-05,1,0,0,0,0,0,0,0,0,0
карелия,2024-06,5,0,0,0,0,0,0,0,0,0
карелия,2024-07,17,0,15,0,0,15,0,0,0,0
карелия,2024-08,2,0,0,0,0,0,0,0,0,0
карелия,2024-09,4,0,1,0,1,1,0,0,1,0
карелия,2024-10,1,0,0,0,0,0,0,0,0,0
карелия,2024-11,7,0,0,0,0,0,0,0,0,0
кемеровская,2022-12,34,0,0,0,25,0,0,0,0,0
кемеровская,2023-01,4,0,0,0,0,0,0,0,0,0
кемеровская,2023-02,9,0,0,1,0,0,0,0,0,0
кемеровская,2023-03,5,0,0,0,3,0,0,0,0,0
кемеровская,2023-04,8,0,0,1,1,0,0,0,1,0
кемеровская,2023-05,4,0,0,0,1,0,0,0,0,0
кемеровская,2023-06,3,0,0,0,0,0,0,0,0,0
кемеровская,2023-07,6,0,0,1,0,0,0,0,3,0
кемеровская,2023-08,9,0,1,0,3,1,0,0,0,0
кемеровская,2023-09,11,0,0,3,0,0,0,0,5,1
кемеровская,2023-10,13,0,0,1,7,0,0,0,4,0
кемеровская,2023-11,22,0,3,7,1,0,0,0,3,0
кемеровская,2023-12,8,0,0,3,0,0,0,0,1,1
кемеровская,2024-01,5,0,0,1,0,0,0,0,0,0
кемеровская,2024-02,7,0,0,2,2,0,0,0,2,1
кемеровская,2024-03,2,0,0,0,0,0,0,0,0,0
кемеровская,2024-04,4,0,0,0,0,0,0,0,1,1
кемеровская,2024-05,9,0,0,0,0,0,0,0,0,1
кемеровская,2024-06,40,0,0,1,0,0,0,0,0,1
кемеровская,2024-07,5,0,0,1,0,0,0,0,2,0
кемеровская,2024-08,12,0,0,3,0,0,0,0,0,1
кемеровская,2024-09,7,0,0,0,0,0,0,0,0,1
кемеровская,2024-10,4,0,0,1,0,0,0,0,0,0
кемеровская,2024-11,16,0,0,3,0,0,1,0,10,0
кемеровская,2024-12,10,0,0,1,1,0,0,0,4,0
кировская,2023-02,2,0,0,0,0,0,0,0,2,0
кировская,2023-03,1,0,0,0,0,0,0,0,1,0
кировская,2023-05,2,0,0,0,0,0,0,0,0,0
кировская,2023-06,2,0,0,0,0,0,0,0,0,0
кировская,2023-07,1,0,0,1,0,0,0,0,0,0
кировская,2023-12,2,0,0,0,0,0,0,0,0,0
кировская,2024-03,2,0,0,0,2,0,0,0,1,0
кировская,2024-06,4,0,0,0,0,0,0,0,0,0
кировская,2024-07,1,0,0,0,0,0,0,0,0,0
кировская,2024-08,9,8,0,1,0,0,0,0,0,0
кировская,2024-09,1,0,0,1,0,0,0,0,0,0
кировская,2024-10,11,0,0,0,0,0,0,1,0,0
кировская,2024-11,1,0,0,0,0,0,0,0,0,0
кировская,2024-12,1,0,0,0,0,0,0,0,0,0
коми,2022-12,2,0,0,0,0,0,0,0,1,0
коми,2023-02,1,0,0,0,1,0,0,0,0,0
коми,2023-03,1,0,0,0,0,0,0,0,0,0
коми,2023-04,2,0,0,0,0,0,0,0,0,0
коми,2023-05,3,0,0,0,0,0,0,0,0,0
коми,2023-06,1,0,0,0,0,0,0,0,0,0
коми,2023-07,5,0,0,0,0,0,0,0,0,0
коми,2023-08,3,0,0,0,0,0,0,0,0,0
коми,2023-10,4,0,0,1,0,0,0,0,0,0
коми,2023-11,1,0,0,0,0,0,0,0,0,0
коми,2023-12,4,0,0,0,1,0,0,0,0,1
коми,2024-01,5,0,2,1,0,2,0,0,3,0
коми,2024-02,1,0,0,0,0,0,0,0,0,0
коми,2024-03,5,0,0,0,1,0,0,0,0,0
коми,2024-04,1,0,0,0,0,0,0,0,0,0
коми,2024-05,7,0,0,3,0,0,0,0,0,1
коми,2024-06,58,1,2,6,5,0,0,1,5,1
коми,2024-08,1,0,0,0,1,0,0,0,0,0
коми,2024-10,5,0,1,1,0,1,0,0,2,0
коми,2024-11,6,0,0,0,0,0,0,0,0,0
коми,2024-12,2,0,0,0,0,0,0,0,0,1
костромская,2023-01,4,0,0,0,0,0,0,0,0,0
костромская,2023-03,1,0,0,0,0,0,0,0,0,0
костромская,2023-06,2,0,0,0,0,0,0,0,0,0
костромская,2023-07,1,0,0,0,0,0,0,0,0,0
костромская,2023-12,1,0,0,0,0,0,0,0,0,0
костромская,2024-01,1,0,0,0,0,0,0,0,0,0
костромская,2024-03,1,0,0,0,1,0,0,0,0,0
костромская,2024-05,4,0,0,0,0,0,0,0,0,0
костромская,2024-06,2,0,0,0,0,0,0,1,0,0
костромская,2024-09,2,0,0,0,0,0,0,0,0,1
костромская,2024-12,1,0,0,0,0,0,0,0,0,0
краснодарский,2022-12,6,0,0,1,0,0,0,0,0,5
краснодарский,2023-01,3,0,0,0,1,0,0,0,0,1
краснодарский,2023-02,11,1,0,0,1,0,0,0,0,2
краснодарский,2023-03,3,0,0,0,0,0,0,0,0,1
краснодарский,2023-04,8,0,0,0,0,0,0,0,0,2
краснодарский,2023-05,35,14,2,5,16,2,0,0,12,1
краснодарский,2023-06,14,0,2,2,0,1,0,0,0,3
краснодарский,2023-07,77,2,8,6,4,8,0,0,1,37
краснодарский,2023-08,6,0,0,0,0,0,0,0,0,1
краснодарский,2023-09,1,0,0,0,0,0,0,0,0,0
краснодарский,2023-10,4,2,0,1,2,0,0,0,1,0
краснодарский,2023-11,11,0,0,2,0,0,0,0,0,1
краснодарский,2023-12,8,0,0,0,2,0,0,0,0,0
краснодарский,2024-01,6,0,1,0,0,1,0,0,0,0
краснодарский,2024-02,12,2,0,0,6,0,0,0,2,0
краснодарский,2024-03,6,3,0,0,1,0,0,0,3,1
краснодарский,2024-04,17,11,0,3,4,0,0,0,1,1
краснодарский,2024-05,36,20,0,1,7,0,0,0,4,0
краснодарский,2024-06,13,7,0,2,1,0,0,0,2,2
краснодарский,2024-07,30,11,0,2,9,0,0,1,0,2
краснодарский,2024-08,8,1,0,3,0,0,0,0,0,3
краснодарский,2024-09,13,4,1,2,2,0,0,0,2,2
краснодарский,2024-10,9,3,0,2,0,0,0,0,0,0
краснодарский,2024-11,3,3,0,0,0,0,0,0,0,1
краснодарский,2024-12,55,2,8,1,0,8,0,0,0,1
красноярский,2022-12,2,0,0,0,0,0,0,0,0,0
красноярский,2023-01,4,0,0,0,1,0,0,0,0,1
красноярский,2023-02,11,0,0,2,5,0,0,0,0,1
красноярский,2023-03,3,0,0,0,0,0,0,0,0,0
красноярский,2023-04,15,0,0,2,2,0,0,0,0,1
красноярский,2023-05,6,0,0,0,1,0,0,0,0,0
красноярский,2023-06,8,0,0,0,2,0,0,0,0,0
красноярский,2023-07,5,0,0,0,0,0,0,0,0,0
красноярский,2023-08,15,0,0,6,1,0,0,0,0,0
красноярский,2023-09,4,0,0,0,0,0,0,0,0,0
красноярский,2023-10,2,0,0,0,0,0,0,0,0,0
красноярский,2023-11,10,0,0,4,0,0,0,0,0,0
красноярский,2023-12,5,1,0,1,0,0,0,0,2,0
красноярский,2024-01,3,0,0,0,0,0,0,0,0,1
красноярский,2024-02,4,0,0,0,0,0,0,0,0,0
красноярский,2024-03,7,0,0,1,3,0,0,0,1,1
красноярский,2024-04,10,0,1,2,1,1,0,0,0,2
красноярский,2024-05,7,0,0,0,0,0,0,0,0,0
красноярский,2024-06,8,0,0,0,2,0,0,0,1,0
красноярский,2024-07,8,0,0,0,2,0,0,0,0,2
красноярский,2024-08,7,0,0,1,0,0,0,0,0,0
красноярский,2024-09,31,0,1,1,0,0,0,0,0,0
красноярский,2024-10,8,0,0,1,3,0,0,0,0,1
красноярский,2024-11,7,0,0,0,0,0,0,0,0,1
красноярский,2024-12,3,0,0,1,0,0,0,0,0,0
курганская,2023-01,1,0,0,0,0,0,0,0,0,0
курганская,2023-04,17,0,2,2,14,0,0,0,1,1
курганская,2023-05,33,0,1,7,30,0,0,2,0,0
курганская,2023-06,1,0,0,0,1,0,0,0,0,0
курганская,2023-08,1,0,0,0,0,0,0,0,0,0
курганская,2023-11,1,0,0,0,0,0,0,0,0,0
курганская,2024-01,1,0,0,0,0,0,0,0,0,0
курганская,2024-02,1,0,0,0,1,0,0,0,0,0
курганская,2024-04,164,0,70,23,0,70,0,1,0,6
курганская,2024-05,22,0,11,0,0,11,0,0,0,0
курганская,2024-06,2,0,1,0,0,1,0,0,0,0
курганская,2024-09,1,0,0,0,0,0,0,0,0,0
курганская,2024-11,4,0,0,3,0,0,0,0,0,1
ленинградская,2022-12,2,0,1,0,0,1,0,0,0,0
ленинградская,2023-03,3,0,0,0,0,0,0,0,0,0
ленинградская,2023-04,5,0,0,0,0,0,0,0,1,0
ленинградская,2023-05,7,3,0,0,0,0,0,0,0,0
ленинградская,2023-06,2,0,0,1,0,0,0,0,1,0
ленинградская,2023-07,1,0,0,1,0,0,0,0,0,1
ленинградская,2023-08,2,0,0,0,0,0,0,0,0,0
ленинградская,2023-09,5,0,0,1,0,0,0,0,0,0
ленинградская,2023-10,1,0,0,0,0,0,0,0,0,0
ленинградская,2023-12,2,0,0,0,0,0,0,0,1,0
ленинградская,2024-01,7,3,0,0,3,0,0,0,0,0
ленинградская,2024-02,4,0,0,0,0,0,0,0,0,0
ленинградская,2024-03,10,7,0,0,0,0,0,0,0,1
ленинградская,2024-04,1,0,1,0,0,1,0,0,0,0
ленинградская,2024-05,7,0,0,1,0,0,0,0,0,0
ленинградская,2024-06,2,0,0,1,0,0,0,0,0,0
ленинградская,2024-07,2,0,0,0,0,0,0,0,0,0
ленинградская,2024-10,1,0,0,0,0,0,0,0,0,0
ленинградская,2024-11,1,0,0,0,0,0,0,0,0,0
ленинградская,2024-12,2,0,0,0,0,0,0,0,0,0
липецкая,2022-12,2,0,0,0,1,0,0,0,0,0
липецкая,2023-02,1,0,0,0,0,0,0,0,0,0
липецкая,2023-04,2,0,0,0,0,0,0,0,0,0
липецкая,2023-05,1,0,0,0,0,0,0,0,0,0
липецкая,2023-06,24,0,0,0,0,0,0,0,0,6
липецкая,2023-07,1,0,0,0,1,0,0,0,0,0
липецкая,2023-09,1,0,1,1,0,0,0,0,0,0
липецкая,2023-10,2,0,0,0,0,0,0,0,0,0
липецкая,2023-11,1,0,0,0,0,0,0,0,0,0
липецкая,2023-12,4,2,0,0,0,0,0,0,0,0
липецкая,2024-01,9,3,0,3,0,0,0,0,0,0
липецкая,2024-02,3,2,0,0,1,0,0,0,1,0
липецкая,2024-03,10,5,0,0,0,0,0,0,0,0
липецкая,2024-04,29,9,0,2,0,0,0,0,0,0
липецкая,2024-05,6,2,0,1,1,0,0,0,0,0
липецкая,2024-06,12,7,0,0,0,0,0,0,2,0
липецкая,2024-07,6,1,0,0,0,0,0,0,0,0
липецкая,2024-08,30,19,2,4,3,0,0,0,0,0
липецкая,2024-09,2,1,0,0,0,0,0,0,0,0
липецкая,2024-10,12,5,0,0,2,0,0,0,0,0
липецкая,2024-11,1,0,0,0,0,0,0,0,0,0
липецкая,2024-12,1,0,0,0,0,0,0,1,0,0
магаданская,2022-12,3,0,0,0,1,0,0,0,0,0
магаданская,2023-02,1,0,0,0,0,0,0,0,0,0
магаданская,2023-03,2,0,1,1,0,0,0,0,0,0
магаданская,2023-06,4,0,0,0,0,0,0,0,0,0
магаданская,2023-07,5,0,0,0,3,0,0,0,0,0
магаданская,2023-08,1,0,0,0,0,0,0,0,0,0
магаданская,2023-09,3,0,0,0,0,0,0,0,0,2
магаданская,2023-10,3,0,0,0,0,0,0,0,0,0
магаданская,2023-12,2,1,0,0,0,0,0,0,0,0
магаданская,2024-03,4,0,0,0,0,0,0,0,0,0
магаданская,2024-05,1,0,0,0,0,0,0,0,0,0
магаданская,2024-06,3,2,0,0,0,0,0,0,0,0
магаданская,2024-07,7,0,0,0,0,0,0,0,0,1
магаданская,2024-08,1,0,0,0,0,0,0,0,0,0
магаданская,2024-11,2,0,0,0,1,0,0,0,0,0
магаданская,2024-12,3,0,0,0,0,0,0,0,0,1
мордовия,2022-12,1,0,0,0,0,0,0,0,0,0
мордовия,2023-02,1,0,0,0,0,0,0,0,0,0
мордовия,2023-03,1,0,0,0,0,0,0,0,0,0
мордовия,2023-06,3,0,0,0,0,0,0,0,0,0
мордовия,2023-07,1,0,0,0,0,0,0,0,0,0
мордовия,2023-08,2,0,0,0,0,0,0,0,0,0
мордовия,2023-09,1,0,0,0,0,0,0,0,0,0
мордовия,2023-11,1,0,0,0,0,0,0,0,0,0
мордовия,2023-12,1,0,0,0,0,0,0,0,0,0
мордовия,2024-01,3,0,0,0,2,0,0,0,1,0
мордовия,2024-02,3,0,0,0,0,0,1,0,0,2
мордовия,2024-04,6,5,0,0,0,0,0,0,0,0
мордовия,2024-05,2,0,0,0,0,0,0,0,0,1
мордовия,2024-07,1,0,0,0,0,0,0,0,0,0
мордовия,2024-09,1,0,0,0,0,0,0,0,0,0
москва,2022-12,358,2,0,9,31,0,0,2,2,7
москва,2023-01,189,2,0,7,18,0,0,0,3,2
москва,2023-02,192,0,0,4,24,0,1,0,2,3
москва,2023-03,286,8,1,10,13,1,0,0,2,5
москва,2023-04,279,11,1,6,10,1,1,0,2,4
москва,2023-05,367,84,1,10,25,1,1,0,2,5
москва,2023-06,294,16,0,2,23,0,1,1,1,8
москва,2023-07,374,57,1,13,16,1,2,0,1,17
москва,2023-08,422,70,0,28,35,0,1,0,6,16
москва,2023-09,301,25,0,4,11,0,0,0,0,18
москва,2023-10,265,4,0,10,9,0,0,1,2,9
москва,2023-11,296,14,0,27,9,0,4,0,5,6
москва,2023-12,302,11,1,15,24,1,0,0,4,8
москва,2024-01,213,2,0,3,16,0,1,0,0,6
москва,2024-02,269,1,0,8,40,0,1,0,2,7
москва,2024-03,261,5,1,9,7,1,0,5,0,9
москва,2024-04,321,0,2,18,7,2,0,1,2,9
москва,2024-05,329,4,0,6,26,0,0,0,4,8
москва,2024-06,345,6,2,26,13,2,2,0,4,4
москва,2024-07,386,4,0,17,20,0,2,2,0,9
москва,2024-08,331,15,1,7,14,1,1,0,1,6
москва,2024-09,322,26,0,6,14,0,0,1,2,7
москва,2024-10,340,2,0,4,17,0,3,2,1,7
москва,2024-11,363,10,1,16,21,1,0,0,0,5
москва,2024-12,442,4,2,16,16,2,4,1,1,10
московская,2022-12,111,0,0,8,51,0,0,3,0,0
московская,2023-01,30,2,0,3,5,0,0,0,3,1
московская,2023-02,38,4,0,0,3,0,0,0,0,0
московская,2023-03,95,6,1,12,9,1,0,0,7,1
московская,2023-04,109,14,0,3,3,0,0,0,2,1
московская,2023-05,87,20,0,2,8,0,0,1,1,4
московская,2023-06,93,14,0,0,7,0,0,0,0,9
московская,2023-07,81,7,0,3,7,0,1,0,5,2
московская,2023-08,128,33,1,7,20,0,0,1,2,1
московская,2023-09,112,7,0,41,4,0,0,1,1,0
московская,2023-10,48,1,0,0,2,0,0,1,1,0
московская,2023-11,58,8,0,3,2,0,0,0,0,1
московская,2023-12,53,3,0,1,0,0,0,0,0,1
московская,2024-01,53,0,2,9,2,0,0,0,2,2
московская,2024-02,48,0,0,2,1,0,0,1,1,4
московская,2024-03,98,8,1,1,2,1,0,0,1,4
московская,2024-04,84,3,0,2,4,0,0,0,1,0
московская,2024-05,78,11,0,3,10,0,1,0,4,2
московская,2024-06,130,1,0,4,36,0,0,0,2,1
московская,2024-07,108,3,0,6,3,0,0,0,3,0
московская,2024-08,87,6,0,2,6,0,0,1,4,1
московская,2024-09,139,24,0,2,18,0,0,0,0,4
московская,2024-10,90,2,1,0,7,1,0,0,1,3
московская,2024-11,106,11,0,0,18,0,0,0,1,2
московская,2024-12,89,0,0,3,5,0,0,2,0,2
мурманская,2023-01,6,0,0,0,1,0,0,0,0,0
мурманская,2023-02,11,0,0,0,0,0,0,0,0,0
мурманская,2023-03,5,0,0,0,0,0,0,0,0,1
мурманская,2023-04,12,0,0,2,0,0,0,0,0,0
мурманская,2023-06,2,0,0,0,0,0,0,0,0,0
мурманская,2023-07,4,0,0,0,0,0,0,0,1,0
мурманская,2023-08,1,0,0,0,0,0,0,0,0,0
мурманская,2023-09,3,0,0,0,0,0,0,0,0,0
мурманская,2023-10,6,0,0,0,0,0,0,0,2,0
мурманская,2023-11,9,0,0,0,0,0,0,0,0,1
мурманская,2023-12,6,0,0,0,2,0,0,0,0,0
мурманская,2024-01,4,0,0,0,0,0,0,0,0,0
мурманская,2024-02,4,0,0,0,2,0,0,0,2,0
мурманская,2024-03,3,0,0,0,0,0,0,0,0,0
мурманская,2024-04,28,0,0,0,0,0,0,0,0,0
мурманская,2024-05,5,0,0,1,0,0,0,0,0,0
мурманская,2024-06,2,0,0,0,0,0,0,0,0,0
мурманская,2024-07,2,0,1,0,0,1,0,0,0,0
мурманская,2024-08,13,2,0,1,0,0,0,0,0,2
мурманская,2024-09,15,6,0,0,0,0,0,0,0,4
мурманская,2024-10,1,0,0,0,0,0,0,0,0,0
мурманская,2024-11,1,0,0,0,0,0,0,0,0,0
мурманская,2024-12,43,0,0,6,0,0,0,0,0,0
ненецкий,2024-10,1,0,0,0,0,0,0,0,0,0
нижегородская,2022-12,4,0,0,1,0,0,0,0,0,0
нижегородская,2023-03,1,0,0,0,0,0,0,0,0,0
нижегородская,2023-04,3,0,0,0,2,0,0,0,0,0
нижегородская,2023-05,6,0,0,1,0,0,0,0,0,0
нижегородская,2023-06,9,0,0,0,0,0,0,0,0,0
нижегородская,2023-07,3,0,0,0,2,0,0,0,2,0
нижегородская,2023-09,5,0,0,1,0,0,0,0,1,0
нижегородская,2023-10,1,0,0,0,1,0,0,0,0,0
нижегородская,2023-12,1,0,0,0,0,0,0,0,0,0
нижегородская,2024-02,4,2,0,1,0,0,0,0,0,0
нижегородская,2024-03,11,9,0,0,3,0,0,0,1,0
нижегородская,2024-04,1,0,0,0,0,0,0,0,0,0
нижегородская,2024-05,1,0,0,0,0,0,0,0,0,0
нижегородская,2024-06,2,0,0,0,0,0,0,0,0,0
нижегородская,2024-07,7,2,0,0,2,0,0,0,1,0
нижегородская,2024-08,4,3,0,1,0,0,0,0,0,1
нижегородская,2024-09,10,0,0,0,3,0,0,0,0,1
нижегородская,2024-10,6,1,0,1,0,0,0,0,0,0
нижегородская,2024-11,3,1,0,0,0,0,0,0,0,0
нижегородская,2024-12,3,0,0,0,0,0,0,0,0,0
новгородская,2023-02,2,0,0,0,0,0,0,0,0,1
новгородская,2023-04,1,0,0,0,0,0,0,0,0,1
новгородская,2023-05,1,0,0,0,1,0,0,0,1,0
новгородская,2023-08,2,2,0,0,0,0,0,0,0,0
новгородская,2023-10,7,0,0,0,0,0,0,0,0,0
новгородская,2024-01,4,0,0,2,0,0,0,0,0,0
новгородская,2024-03,4,3,0,0,0,0,0,0,0,0
новгородская,2024-06,1,0,0,0,0,0,0,0,0,0
новгородская,2024-09,1,0,0,0,0,0,0,0,0,0
новгородская,2024-10,2,0,0,0,0,0,0,0,0,0
новгородская,2024-11,7,1,0,0,0,0,0,0,0,0
новосибирская,2022-12,4,0,0,2,0,0,0,0,0,0
новосибирская,2023-01,1,0,0,0,1,0,0,0,0,0
новосибирская,2023-02,76,0,0,58,0,0,0,0,1,0
новосибирская,2023-03,2,0,0,0,0,0,0,0,0,1
новосибирская,2023-04,7,0,0,0,0,0,0,0,0,0
новосибирская,2023-05,6,0,0,0,1,0,0,0,1,1
новосибирская,2023-06,5,0,0,1,4,0,0,0,0,0
новосибирская,2023-07,5,0,1,1,0,0,0,0,0,0
новосибирская,2023-08,1,1,0,0,0,0,0,0,0,0
новосибирская,2023-09,10,0,0,0,0,0,0,0,1,0
новосибирская,2023-10,3,0,0,0,0,0,0,0,0,0
новосибирская,2023-11,1,0,0,0,0,0,0,0,0,0
новосибирская,2023-12,8,0,0,0,0,0,0,0,0,1
новосибирская,2024-01,7,0,0,4,0,0,0,0,0,1
новосибирская,2024-02,1,0,0,0,0,0,0,0,0,0
новосибирская,2024-03,5,1,0,0,0,0,0,0,0,0
новосибирская,2024-04,5,0,0,0,0,0,0,0,0,1
новосибирская,2024-05,1,0,0,0,0,0,0,0,0,0
новосибирская,2024-06,3,0,0,0,1,0,0,0,1,1
новосибирская,2024-07,3,0,0,0,0,0,0,0,0,2
новосибирская,2024-08,4,0,0,0,0,0,0,0,0,0
новосибирская,2024-09,2,0,0,1,0,0,0,0,0,1
новосибирская,2024-10,1,0,0,0,0,0,0,0,0,0
новосибирская,2024-11,4,0,0,0,0,0,0,0,0,0
новосибирская,2024-12,10,0,0,1,1,0,0,0,0,1
омская,2022-12,1,0,0,0,0,0,0,0,0,0
омская,2023-01,1,0,0,0,0,0,0,0,0,0
омская,2023-02,1,0,0,0,0,0,0,0,1,0
омская,2023-03,6,0,0,0,1,0,0,0,0,0
омская,2023-04,4,0,0,0,3,0,0,0,0,0
омская,2023-05,6,0,2,2,3,0,0,0,0,0
омская,2023-06,2,0,0,0,0,0,0,0,0,0
омская,2023-07,8,0,1,0,4,1,0,0,1,0
омская,2023-08,4,0,0,0,0,0,0,0,0,0
омская,2023-09,10,0,0,0,0,0,0,0,0,0
омская,2023-10,1,0,0,0,0,0,0,0,0,0
омская,2023-11,2,0,0,0,0,0,0,0,0,0
омская,2023-12,2,0,0,0,0,0,0,0,0,1
омская,2024-01,3,0,0,0,0,0,0,0,0,0
омская,2024-03,6,0,0,2,0,0,0,0,0,1
омская,2024-04,4,0,0,0,2,0,0,0,1,0
омская,2024-05,23,0,11,7,0,11,0,0,0,0
омская,2024-06,3,0,1,0,0,1,0,0,0,2
омская,2024-07,2,0,0,0,0,0,0,0,0,0
омская,2024-08,11,0,0,0,11,0,0,0,11,0
омская,2024-09,3,0,0,1,2,0,0,0,1,0
омская,2024-10,2,0,0,0,0,0,0,0,1,0
омская,2024-11,2,0,0,0,0,0,0,0,0,0
омская,2024-12,2,0,0,0,0,0,0,0,0,2
оренбургская,2022-12,2,0,0,0,1,0,0,0,0,0
оренбургская,2023-03,7,0,0,0,0,0,0,0,0,0
оренбургская,2023-04,8,0,0,0,0,0,0,0,0,0
оренбургская,2023-05,23,0,0,11,0,0,0,0,2,0
оренбургская,2023-06,1,0,0,0,0,0,0,0,0,0
оренбургская,2023-07,8,0,0,0,0,0,0,0,0,0
оренбургская,2023-08,6,0,0,0,0,0,0,0,0,0
оренбургская,2023-09,3,0,0,0,0,0,0,0,0,0
оренбургская,2023-10,1,0,0,0,0,0,0,0,0,0
оренбургская,2023-11,3,0,0,0,0,0,0,0,0,0
оренбургская,2023-12,4,0,0,0,0,0,0,0,0,0
оренбургская,2024-01,10,0,0,5,0,0,0,0,0,0
оренбургская,2024-02,1,0,0,0,0,0,0,0,0,0
оренбургская,2024-03,4,0,2,0,0,2,0,0,0,1
оренбургская,2024-04,315,1,180,28,0,180,1,5,1,4
оренбургская,2024-05,12,2,7,0,0,7,0,2,0,0
оренбургская,2024-06,3,0,0,0,0,0,0,0,0,1
оренбургская,2024-07,4,0,1,0,0,1,0,0,0,0
оренбургская,2024-08,8,0,1,0,0,1,1,0,0,2
оренбургская,2024-09,6,0,1,0,0,1,0,0,0,1
оренбургская,2024-10,3,0,0,0,0,0,0,0,0,0
оренбургская,2024-11,2,0,0,0,0,0,0,0,0,1
оренбургская,2024-12,3,0,0,0,1,0,0,0,0,0
орловская,2023-02,1,0,0,0,0,0,0,0,0,0
орловская,2023-03,1,0,0,1,0,0,0,0,0,0
орловская,2023-04,2,0,0,0,0,0,0,0,0,0
орловская,2023-05,2,0,0,1,0,0,0,0,0,0
орловская,2023-06,5,0,0,0,0,0,0,0,0,0
орловская,2023-07,3,0,0,0,0,0,0,0,0,0
орловская,2023-08,14,11,0,0,0,0,0,0,0,1
орловская,2023-09,13,10,0,0,0,0,0,0,0,0
орловская,2023-10,1,0,0,0,0,0,0,0,0,0
орловская,2023-11,8,7,0,0,0,0,0,0,0,0
орловская,2023-12,1,0,0,0,0,0,0,0,0,0
орловская,2024-01,18,14,0,0,0,0,0,0,0,0
орловская,2024-02,3,2,0,1,0,0,0,0,0,0
орловская,2024-03,20,13,0,1,4,0,0,0,0,0
орловская,2024-04,5,2,0,0,0,0,0,0,0,0
орловская,2024-05,9,5,1,1,0,0,0,0,0,0
орловская,2024-06,1,1,0,0,0,0,0,0,0,0
орловская,2024-07,5,1,1,0,0,1,0,0,1,0
орловская,2024-08,13,11,0,0,1,0,0,0,0,0
орловская,2024-09,6,4,1,1,0,0,0,0,0,0
орловская,2024-10,16,13,0,0,0,0,0,0,0,0
орловская,2024-11,11,5,0,0,1,0,0,0,0,0
орловская,2024-12,11,8,0,0,7,0,0,0,0,0
пензенская,2022-12,1,0,0,0,0,0,0,0,0,0
пензенская,2023-02,2,0,0,0,0,0,0,0,0,0
пензенская,2023-03,1,0,0,0,0,0,0,0,0,0
пензенская,2023-06,1,0,0,0,0,0,0,0,0,0
пензенская,2023-07,2,0,0,0,0,0,0,0,0,0
пензенская,2023-12,1,0,0,0,0,0,0,0,0,0
пензенская,2024-01,4,0,0,0,0,0,0,0,0,0
пензенская,2024-02,1,0,0,0,0,0,0,0,0,0
пензенская,2024-05,2,0,0,0,0,0,0,0,0,0
пензенская,2024-06,1,0,0,0,0,0,0,0,0,0
пензенская,2024-08,1,1,0,0,0,0,0,0,0,0
пензенская,2024-11,1,1,0,0,0,0,0,0,0,0
пермский,2022-12,2,0,0,0,0,0,0,0,0,0
пермский,2023-01,4,0,0,0,0,0,0,0,0,2
пермский,2023-03,1,0,0,0,0,0,0,0,0,0
пермский,2023-04,1,0,0,0,0,0,0,0,0,0
пермский,2023-05,2,0,0,0,0,0,0,0,1,0
пермский,2023-06,2,0,0,0,0,0,0,0,0,0
пермский,2023-07,4,0,0,0,0,0,0,0,1,0
пермский,2023-08,1,0,0,0,0,0,0,0,0,0
пермский,2023-09,4,0,0,0,0,0,0,0,0,2
пермский,2023-10,11,0,0,2,0,0,0,0,2,3
пермский,2023-11,2,0,0,0,0,0,0,0,0,1
пермский,2023-12,1,0,0,0,0,0,0,0,0,0
пермский,2024-01,3,0,0,0,3,0,0,0,3,0
пермский,2024-02,3,0,0,0,3,0,0,0,0,0
пермский,2024-03,1,0,0,1,0,0,0,0,0,0
пермский,2024-04,6,0,0,0,0,0,0,0,0,0
пермский,2024-05,3,0,0,0,0,0,0,0,0,1
пермский,2024-06,5,0,0,1,0,0,0,0,1,0
пермский,2024-07,3,0,0,0,0,0,0,0,0,0
пермский,2024-08,8,0,0,6,0,0,0,0,0,0
пермский,2024-09,3,0,0,0,0,0,0,0,0,0
пермский,2024-10,6,0,0,0,3,0,0,0,0,0
пермский,2024-11,1,0,0,0,0,0,0,0,0,0
пермский,2024-12,2,0,0,0,0,0,0,0,0,0
приморский,2022-12,16,0,0,1,5,0,0,0,0,0
приморский,2023-01,7,0,0,0,0,0,0,0,1,0
приморский,2023-02,3,0,0,0,0,0,0,0,0,0
приморский,2023-03,9,0,0,0,0,0,0,0,0,0
приморский,2023-04,11,0,0,0,2,0,0,0,0,0
приморский,2023-05,10,1,0,1,0,0,0,0,0,0
приморский,2023-06,13,0,0,1,4,0,0,0,0,0
приморский,2023-07,7,0,0,0,0,0,0,0,0,0
приморский,2023-08,45,0,19,6,0,18,0,1,0,3
приморский,2023-09,36,1,9,1,0,8,0,1,1,1
приморский,2023-10,9,0,0,2,0,0,0,0,0,0
приморский,2023-11,10,0,0,2,0,0,0,0,0,0
приморский,2023-12,15,1,1,2,0,1,0,0,0,1
приморский,2024-01,10,0,0,0,0,0,0,0,0,1
приморский,2024-02,11,0,0,0,0,0,0,0,0,0
приморский,2024-03,13,0,0,0,2,0,0,1,0,0
приморский,2024-04,7,0,0,0,1,0,0,0,0,0
приморский,2024-05,31,0,0,0,0,0,0,0,0,0
приморский,2024-06,6,0,0,0,0,0,0,0,0,0
приморский,2024-07,18,0,1,2,0,1,1,0,0,1
приморский,2024-08,39,0,4,4,0,4,0,0,1,2
приморский,2024-09,27,0,0,2,0,0,1,0,0,0
приморский,2024-10,6,0,0,0,0,0,0,0,0,0
приморский,2024-11,9,0,0,1,0,0,0,0,0,1
приморский,2024-12,16,0,0,3,0,0,0,0,1,0
псковская,2022-12,3,0,0,0,0,0,0,0,0,0
псковская,2023-02,2,0,0,0,0,0,1,0,1,0
псковская,2023-03,3,0,0,0,0,0,0,0,0,0
псковская,2023-04,2,0,0,0,0,0,0,0,0,0
псковская,2023-05,4,3,0,1,0,0,0,0,0,0
псковская,2023-06,3,0,0,0,0,0,0,0,0,0
псковская,2023-07,3,0,0,0,0,0,0,0,0,0
псковская,2023-08,23,13,0,3,4,0,0,0,0,13
псковская,2023-09,7,1,0,0,0,0,0,0,0,1
псковская,2023-10,3,0,0,0,0,0,0,0,0,0
псковская,2023-11,1,0,0,0,0,0,0,0,0,0
псковская,2023-12,2,1,0,0,0,0,0,0,0,0
псковская,2024-01,4,2,0,0,0,0,0,0,0,0
псковская,2024-02,6,0,0,2,0,0,0,0,0,0
псковская,2024-03,3,0,0,1,0,0,0,0,0,0
псковская,2024-04,2,0,0,0,0,0,0,0,0,0
псковская,2024-06,3,0,0,1,0,0,0,0,0,0
псковская,2024-07,3,0,0,2,0,0,0,0,0,0
псковская,2024-11,1,0,0,0,0,0,0,0,0,1
псковская,2024-12,1,0,0,0,0,0,0,0,0,0
рязанская,2022-12,12,2,0,9,0,0,0,0,0,0
рязанская,2023-01,1,0,0,0,0,0,0,0,0,0
рязанская,2023-03,1,0,0,0,0,0,0,0,0,0
рязанская,2023-04,1,0,0,0,0,0,0,0,0,0
рязанская,2023-07,1,0,0,0,0,0,0,0,0,0
рязанская,2023-08,9,6,0,2,0,0,0,0,0,0
рязанская,2023-09,2,1,0,0,0,0,0,0,0,0
рязанская,2023-10,1,0,0,1,0,0,0,0,0,0
рязанская,2023-11,9,2,0,2,0,0,0,0,0,0
рязанская,2023-12,2,0,0,0,0,0,0,0,0,0
рязанская,2024-01,2,0,0,0,0,0,0,0,0,0
рязанская,2024-02,1,0,0,0,0,0,0,0,0,0
рязанская,2024-03,7,4,0,0,3,0,0,0,0,0
рязанская,2024-04,3,0,0,0,0,0,0,0,0,0
рязанская,2024-05,3,1,0,0,1,0,0,0,0,0
рязанская,2024-06,4,0,0,0,1,0,0,0,0,0
рязанская,2024-07,5,3,0,0,1,0,0,0,0,0
рязанская,2024-09,4,3,0,0,0,0,0,0,0,0
рязанская,2024-12,4,1,0,0,0,0,0,0,0,0
самарская,2022-12,1,0,0,0,0,0,0,0,0,0
самарская,2023-01,9,0,0,1,2,0,0,0,0,0
самарская,2023-02,5,0,0,1,0,0,0,0,0,0
самарская,2023-03,11,1,0,1,4,0,0,0,0,1
самарская,2023-04,3,2,0,0,0,0,0,0,0,0
самарская,2023-05,14,0,0,0,11,0,0,0,8,0
самарская,2023-06,16,0,0,0,2,0,0,0,0,0
самарская,2023-07,6,0,0,5,0,0,0,0,3,0
самарская,2023-08,9,1,0,0,0,0,0,0,2,0
самарская,2023-09,1,0,0,0,0,0,0,0,0,0
самарская,2023-10,1,0,0,0,0,0,0,0,0,1
самарская,2023-11,5,1,0,0,0,0,0,0,0,0
самарская,2023-12,5,1,0,0,1,0,1,0,1,0
самарская,2024-01,5,0,0,1,3,0,0,0,0,0
самарская,2024-02,12,0,0,0,9,0,0,0,0,0
самарская,2024-03,21,7,0,0,3,0,0,0,8,7
самарская,2024-04,13,0,7,0,1,7,0,0,0,0
самарская,2024-05,12,0,0,0,0,0,0,0,0,0
самарская,2024-06,3,0,0,0,0,0,0,0,0,0
самарская,2024-07,4,0,0,0,0,0,0,0,1,0
самарская,2024-08,5,0,0,1,0,0,0,0,0,0
самарская,2024-09,17,0,0,3,4,0,0,0,0,6
самарская,2024-10,4,0,0,0,0,0,0,0,1,0
самарская,2024-11,5,0,0,1,0,0,0,0,0,0
самарская,2024-12,3,0,0,0,0,0,0,0,0,0
санкт,2022-12,44,0,0,2,2,0,0,0,7,1
санкт,2023-01,39,0,0,1,2,0,0,0,0,1
санкт,2023-02,49,1,0,0,0,0,1,0,2,1
санкт,2023-03,85,0,0,0,5,0,1,0,1,1
санкт,2023-04,105,0,0,28,0,0,0,2,1,0
санкт,2023-05,61,8,0,1,3,0,0,0,3,2
санкт,2023-06,44,0,0,0,1,0,0,0,3,0
санкт,2023-07,43,0,0,0,6,0,0,0,4,1
санкт,2023-08,38,0,0,0,3,0,0,0,1,1
санкт,2023-09,46,0,0,2,6,0,0,0,2,2
санкт,2023-10,66,0,2,1,1,2,1,0,1,1
санкт,2023-11,45,0,0,0,0,0,0,1,0,2
санкт,2023-12,83,0,0,7,7,0,2,0,5,2
санкт,2024-01,87,10,0,2,17,0,0,0,1,3
санкт,2024-02,62,2,0,1,8,0,0,0,2,1
санкт,2024-03,87,13,0,4,2,0,0,1,3,1
санкт,2024-04,53,1,0,2,1,0,0,0,0,3
санкт,2024-05,95,1,0,14,3,0,0,0,1,1
санкт,2024-06,41,0,0,0,0,0,0,0,0,0
санкт,2024-07,64,0,0,3,2,0,0,0,0,0
санкт,2024-08,33,1,0,2,1,0,0,1,0,1
санкт,2024-09,48,0,0,0,4,0,0,0,0,0
санкт,2024-10,37,1,1,3,0,1,0,0,0,0
санкт,2024-11,25,1,3,0,4,3,0,0,1,0
санкт,2024-12,44,0,3,2,1,3,1,0,2,0
саратовская,2022-12,6,0,0,1,0,0,0,0,0,0
саратовская,2023-01,1,0,0,0,0,0,0,0,0,0
саратовская,2023-02,3,0,0,2,1,0,0,0,0,0
саратовская,2023-03,4,0,0,0,0,0,0,0,0,2
саратовская,2023-04,4,0,0,0,0,0,0,0,0,0
саратовская,2023-05,2,0,0,0,0,0,0,0,0,0
саратовская,2023-06,1,0,0,0,0,0,0,0,0,0
саратовская,2023-07,3,0,0,0,0,0,0,0,0,0
саратовская,2023-08,5,0,0,0,4,0,0,0,0,0
саратовская,2023-09,6,3,0,0,1,0,0,0,0,0
саратовская,2023-10,3,1,0,0,0,0,0,0,0,0
саратовская,2023-11,1,0,0,0,0,0,0,0,0,0
саратовская,2023-12,4,0,0,1,1,0,0,0,0,2
саратовская,2024-01,5,2,0,0,0,0,0,0,0,0
саратовская,2024-02,3,0,0,0,1,0,0,0,2,0
саратовская,2024-03,4,3,0,0,0,0,0,0,0,0
саратовская,2024-04,1,0,0,0,0,0,0,0,0,0
саратовская,2024-05,5,0,1,2,0,0,0,0,0,0
саратовская,2024-06,9,0,0,2,6,0,0,0,0,0
саратовская,2024-07,1,0,0,0,0,0,0,0,0,0
саратовская,2024-08,19,15,0,1,0,0,0,0,0,0
саратовская,2024-09,4,2,0,1,0,0,0,0,0,0
саратовская,2024-10,8,2,0,0,1,0,0,0,0,3
саратовская,2024-11,12,2,0,4,0,0,0,0,0,2
саратовская,2024-12,12,1,0,4,0,0,0,0,0,2
саха,2022-12,3,0,0,0,0,0,0,0,0,0
саха,2023-01,3,0,0,0,0,0,0,0,0,0
саха,2023-02,2,0,0,0,0,0,0,0,0,0
саха,2023-03,2,0,0,1,0,0,0,0,0,0
саха,2023-04,4,0,0,0,0,0,0,0,0,0
саха,2023-05,6,0,1,1,1,1,0,0,0,0
саха,2023-06,9,0,0,0,0,0,0,1,0,1
саха,2023-07,8,0,2,2,3,0,0,0,0,0
саха,2023-08,6,1,0,0,1,0,0,0,0,0
саха,2023-09,7,0,0,0,0,0,0,0,0,1
саха,2023-11,8,0,0,0,0,0,0,0,3,1
саха,2023-12,8,0,0,0,0,0,0,0,0,2
саха,2024-01,10,0,0,0,0,0,0,0,0,1
саха,2024-02,4,0,0,0,0,0,0,0,0,1
саха,2024-03,4,0,0,0,0,0,0,0,0,0
саха,2024-04,5,0,0,0,0,0,0,0,2,0
саха,2024-05,6,0,3,4,0,3,0,0,0,0
саха,2024-06,14,0,1,1,3,1,0,0,0,2
саха,2024-07,21,0,1,2,6,0,0,0,0,1
саха,2024-08,16,0,0,0,7,0,0,0,0,0
саха,2024-09,12,1,0,0,0,0,0,0,0,1
саха,2024-10,11,0,0,2,1,0,0,0,2,1
саха,2024-11,3,0,0,0,0,0,0,0,0,0
саха,2024-12,12,0,0,0,5,0,0,1,0,2
сахалинская,2022-12,2,0,0,0,0,0,0,0,0,0
сахалинская,2023-01,2,0,0,0,0,0,0,0,0,0
сахалинская,2023-02,17,0,0,0,0,0,0,0,0,2
сахалинская,2023-03,7,0,0,1,0,0,0,0,0,0
сахалинская,2023-04,6,0,1,0,0,1,0,0,0,1
сахалинская,2023-05,3,0,0,0,0,0,0,0,0,1
сахалинская,2023-06,3,0,0,2,0,0,0,0,0,1
сахалинская,2023-07,2,0,0,0,0,0,0,0,0,0
сахалинская,2023-08,3,0,0,0,0,0,0,0,0,0
сахалинская,2023-09,6,0,0,0,0,0,0,0,2,0
сахалинская,2023-10,4,0,0,0,0,0,0,0,0,0
сахалинская,2023-11,4,0,0,0,0,0,0,0,0,0
сахалинская,2023-12,1,0,0,0,0,0,0,0,0,0
сахалинская,2024-01,13,0,1,5,1,0,0,0,0,1
сахалинская,2024-02,13,0,0,1,0,0,0,0,0,1
сахалинская,2024-03,3,0,0,0,0,0,0,0,1,1
сахалинская,2024-04,6,0,0,0,0,0,0,0,0,3
сахалинская,2024-05,2,0,0,1,0,0,0,0,0,0
сахалинская,2024-06,6,0,0,2,0,0,0,0,0,1
сахалинская,2024-07,4,1,0,0,0,0,0,0,0,0
сахалинская,2024-08,5,0,1,3,0,0,0,0,0,0
сахалинская,2024-09,4,0,0,0,0,0,0,0,0,0
сахалинская,2024-10,14,0,0,1,0,0,0,0,1,0
сахалинская,2024-11,2,0,0,0,0,0,0,0,0,0
сахалинская,2024-12,4,1,0,0,0,0,0,0,0,1
свердловская,2022-12,4,0,0,0,0,0,0,0,0,0
свердловская,2023-01,2,0,0,0,0,0,0,0,0,0
свердловская,2023-02,7,0,0,0,0,0,0,0,0,0
свердловская,2023-03,16,0,0,5,6,0,0,0,4,1
свердловская,2023-04,31,0,1,1,22,0,0,0,0,0
свердловская,2023-05,37,0,2,4,31,0,0,0,0,1
свердловская,2023-06,19,0,0,0,9,0,0,0,0,1
свердловская,2023-07,13,0,0,0,3,0,0,0,0,1
свердловская,2023-08,9,0,1,0,0,1,0,0,0,3
свердловская,2023-09,6,0,0,0,0,0,1,0,0,0
свердловская,2023-10,4,0,0,0,1,0,0,0,0,0
свердловская,2023-11,3,0,0,0,1,0,0,0,0,0
свердловская,2023-12,4,0,0,0,0,0,0,0,0,2
свердловская,2024-01,14,1,0,2,0,0,0,0,0,0
свердловская,2024-02,3,0,0,0,0,0,0,0,0,0
свердловская,2024-03,6,0,0,0,0,0,0,0,0,1
свердловская,2024-04,7,0,0,1,4,0,0,0,3,0
свердловская,2024-05,9,0,0,4,1,0,0,0,0,1
свердловская,2024-06,5,0,0,0,0,0,0,0,0,0
свердловская,2024-07,9,0,0,0,1,0,0,0,0,1
свердловская,2024-08,2,0,0,1,0,0,0,0,0,1
свердловская,2024-09,4,0,0,0,0,0,0,0,0,0
свердловская,2024-10,5,0,0,0,1,0,0,0,0,2
свердловская,2024-11,5,0,0,0,0,0,0,0,1,0
свердловская,2024-12,14,0,0,5,4,0,0,0,1,0
северная,2023-06,2,0,2,1,0,2,0,0,0,0
северная,2023-07,2,0,0,0,2,0,0,0,0,0
северная,2023-11,1,0,0,0,0,0,0,0,0,0
северная,2023-12,1,0,0,0,0,0,0,0,0,0
северная,2024-04,3,0,0,0,0,0,1,0,0,2
северная,2024-08,5,0,0,0,0,0,0,0,0,0
северная,2024-09,8,0,0,0,0,0,0,0,0,0
северная,2024-11,2,0,0,1,0,0,0,0,0,2
северная,2024-12,16,3,0,10,1,0,0,1,0,5
смоленская,2022-12,1,0,0,0,0,0,0,0,0,0
смоленская,2023-02,1,0,0,0,0,0,0,0,0,0
смоленская,2023-03,4,0,0,0,0,0,0,0,0,0
смоленская,2023-05,1,0,0,0,0,0,0,0,0,0
смоленская,2023-06,8,5,0,0,0,0,0,0,0,0
смоленская,2023-07,4,1,0,0,0,0,1,0,0,0
смоленская,2023-08,1,0,0,1,0,0,0,0,0,0
смоленская,2023-09,1,0,0,0,0,0,0,0,0,0
смоленская,2023-10,8,8,0,0,0,0,0,0,1,0
смоленская,2023-11,13,11,0,0,0,0,0,0,1,0
смоленская,2024-01,3,3,0,0,0,0,0,0,0,0
смоленская,2024-02,1,0,0,0,0,0,0,0,0,0
смоленская,2024-03,1,0,0,0,0,0,0,0,0,0
смоленская,2024-04,42,8,0,23,6,0,0,0,1,26
смоленская,2024-05,2,0,0,0,1,0,0,0,0,0
смоленская,2024-06,7,3,0,0,0,0,0,0,0,0
смоленская,2024-07,3,0,0,0,0,0,0,0,0,0
смоленская,2024-09,8,7,0,0,1,0,0,0,0,0
смоленская,2024-10,1,0,0,0,0,0,0,0,0,0
смоленская,2024-11,3,1,0,1,0,0,0,0,0,0
смоленская,2024-12,3,2,0,0,2,0,0,0,0,0
ставропольский,2022-12,3,0,0,0,0,0,0,0,0,0
ставропольский,2023-02,3,0,0,0,0,0,0,0,0,0
ставропольский,2023-03,4,1,0,0,0,0,0,0,0,0
ставропольский,2023-04,4,0,0,2,0,0,0,0,0,0
ставропольский,2023-05,8,0,0,0,3,0,0,0,3,0
ставропольский,2023-06,6,0,0,0,0,0,0,0,0,1
ставропольский,2023-07,10,0,0,1,0,0,1,0,0,0
ставропольский,2023-08,5,0,0,0,3,0,0,0,0,0
ставропольский,2023-10,3,0,0,0,1,0,0,0,0,0
ставропольский,2023-11,1,0,0,0,0,0,0,0,0,0
ставропольский,2023-12,8,0,0,0,0,0,0,0,0,0
ставропольский,2024-01,2,0,0,0,0,0,0,0,0,0
ставропольский,2024-02,2,0,0,0,1,0,0,0,0,0
ставропольский,2024-03,11,1,0,0,0,0,0,0,0,2
ставропольский,2024-04,19,1,0,2,0,0,0,0,0,0
ставропольский,2024-05,4,0,0,0,0,0,0,0,0,0
ставропольский,2024-06,7,0,0,0,0,0,0,0,0,0
ставропольский,2024-07,12,1,0,1,2,0,0,0,1,0
ставропольский,2024-08,10,0,0,0,2,0,0,0,0,0
ставропольский,2024-09,21,0,0,1,16,0,0,0,0,0
ставропольский,2024-10,10,0,0,2,0,0,0,0,0,1
ставропольский,2024-11,16,1,2,11,3,0,0,0,0,0
ставропольский,2024-12,12,0,0,0,2,0,0,0,0,3
тамбовская,2023-04,1,0,0,0,0,0,0,0,0,0
тамбовская,2023-05,1,1,0,0,0,0,0,0,0,0
тамбовская,2023-06,9,0,0,5,1,0,0,0,6,0
тамбовская,2023-07,2,0,0,0,0,0,0,0,0,0
тамбовская,2023-08,2,0,0,0,0,0,0,0,0,0
тамбовская,2023-11,4,1,0,0,2,0,0,0,3,0
тамбовская,2023-12,1,0,0,0,0,0,0,0,0,0
тамбовская,2024-01,2,0,0,0,0,0,0,0,1,1
тамбовская,2024-04,2,0,0,0,0,0,0,0,0,0
тамбовская,2024-05,2,0,0,0,0,0,0,0,0,0
тамбовская,2024-06,8,3,0,2,3,0,0,0,0,0
тамбовская,2024-07,2,0,0,0,0,0,0,0,0,0
тамбовская,2024-08,2,0,0,0,1,0,0,0,0,0
тамбовская,2024-09,2,0,0,0,2,0,0,0,0,0
тамбовская,2024-10,15,2,1,10,2,0,0,0,1,0
тамбовская,2024-11,5,0,0,0,0,0,0,0,0,0
татарстан,2022-12,16,1,0,1,0,0,0,0,0,1
татарстан,2023-01,12,0,0,0,0,0,0,0,1,0
татарстан,2023-02,5,0,0,0,0,0,0,0,0,0
татарстан,2023-03,8,0,0,0,0,0,0,0,0,0
татарстан,2023-04,8,0,0,0,0,0,0,0,0,0
татарстан,2023-05,9,0,0,0,2,0,0,0,0,0
татарстан,2023-06,9,0,0,0,3,0,0,0,1,0
татарстан,2023-07,14,0,1,3,0,0,0,0,1,0
татарстан,2023-08,5,0,0,0,0,0,0,0,0,1
татарстан,2023-09,11,0,0,1,0,0,0,0,0,0
татарстан,2023-10,14,0,0,0,1,0,1,0,0,0
татарстан,2023-11,7,0,0,0,0,0,0,0,0,2
татарстан,2023-12,11,0,0,2,1,0,0,0,0,2
татарстан,2024-01,9,0,0,3,1,0,0,0,0,2
татарстан,2024-02,10,0,0,1,0,0,0,0,0,0
татарстан,2024-03,8,0,0,1,1,0,0,0,1,0
татарстан,2024-04,66,41,0,8,3,0,0,0,7,3
татарстан,2024-05,35,20,0,2,0,0,0,0,2,8
татарстан,2024-06,22,0,0,0,0,0,0,0,1,4
татарстан,2024-07,18,0,0,3,0,0,0,0,0,6
татарстан,2024-08,9,0,0,0,0,0,0,0,0,3
татарстан,2024-09,18,0,0,0,0,0,0,0,0,2
татарстан,2024-10,52,0,0,0,0,0,0,0,0,8
татарстан,2024-11,7,0,0,0,0,0,0,0,1,2
татарстан,2024-12,77,38,2,6,6,0,0,0,1,12
тверская,2022-12,1,0,0,0,0,0,0,0,0,0
тверская,2023-04,1,0,0,0,0,0,0,0,0,0
тверская,2023-05,1,1,0,0,0,0,0,0,0,0
тверская,2023-06,2,0,0,0,0,0,0,0,0,0
тверская,2023-08,14,0,0,0,0,0,0,0,0,0
тверская,2023-09,4,2,0,0,0,0,0,0,1,0
тверская,2023-10,1,0,0,0,0,0,0,0,0,0
тверская,2023-11,1,1,0,0,0,0,0,0,0,0
тверская,2023-12,1,0,0,0,0,0,0,0,0,1
тверская,2024-01,1,0,0,0,0,0,0,0,0,0
тверская,2024-02,1,0,0,0,0,0,0,0,0,1
тверская,2024-03,4,0,0,0,0,0,0,0,0,0
тверская,2024-04,3,0,0,0,0,0,0,0,0,2
тверская,2024-05,2,0,0,0,0,0,0,0,0,0
тверская,2024-06,2,0,0,0,0,0,0,0,0,0
тверская,2024-07,3,0,0,0,0,0,0,0,0,0
тверская,2024-08,1,0,0,0,0,0,0,0,0,0
тверская,2024-09,16,14,0,3,1,0,0,0,0,0
тверская,2024-11,5,0,1,0,0,1,0,0,1,0
тверская,2024-12,2,0,0,0,0,0,0,0,0,0
томская,2022-12,9,0,0,1,0,0,0,0,0,0
томская,2023-01,1,0,0,0,1,0,0,0,0,0
томская,2023-02,2,0,0,0,1,0,0,0,0,0
томская,2023-03,1,0,0,1,0,0,0,0,0,0
томская,2023-08,1,0,0,0,0,0,0,0,0,0
томская,2023-09,2,0,0,0,0,0,0,0,0,0
томская,2023-10,2,0,0,0,1,0,0,0,1,0
томская,2023-12,1,0,0,0,0,0,0,0,0,0
томская,2024-01,1,0,0,0,0,0,0,0,0,0
томская,2024-03,1,0,0,0,0,0,0,0,0,0
томская,2024-04,16,0,7,3,0,7,0,0,0,0
томская,2024-05,9,0,4,1,0,4,0,0,1,0
томская,2024-06,3,0,0,0,2,0,0,0,0,0
томская,2024-07,1,0,0,0,0,0,0,0,0,0
томская,2024-08,1,0,0,0,0,0,0,0,0,0
томская,2024-09,1,0,0,0,0,0,0,0,0,0
томская,2024-10,1,0,0,0,0,0,0,0,0,0
томская,2024-12,2,0,0,0,0,0,0,0,0,0
тульская,2022-12,5,0,0,0,0,0,0,0,0,0
тульская,2023-01,2,0,0,0,0,0,0,0,0,1
тульская,2023-02,49,0,0,43,1,0,0,1,0,0
тульская,2023-03,35,10,0,22,0,0,0,0,0,0
тульская,2023-04,9,3,0,0,2,0,0,0,1,0
тульская,2023-05,5,1,0,0,0,0,0,0,0,0
тульская,2023-06,10,0,0,0,0,0,0,0,0,3
тульская,2023-07,5,0,0,0,0,0,0,0,1,0
тульская,2023-08,6,2,0,2,0,0,0,0,0,0
тульская,2023-09,5,3,0,1,0,0,0,0,0,0
тульская,2023-10,4,1,0,0,0,0,0,0,0,0
тульская,2023-11,14,6,0,1,0,0,0,1,0,0
тульская,2023-12,1,0,0,0,0,0,0,0,0,0
тульская,2024-01,13,3,0,0,0,0,0,0,0,3
тульская,2024-02,12,7,0,0,0,0,0,0,0,0
тульская,2024-03,4,2,0,0,0,0,0,0,1,0
тульская,2024-04,5,3,0,0,0,0,0,0,0,0
тульская,2024-05,9,1,0,0,0,0,0,0,0,0
тульская,2024-06,4,0,0,0,0,0,0,0,0,0
тульская,2024-07,7,2,0,1,0,0,0,0,2,0
тульская,2024-08,8,2,0,0,0,0,0,0,1,0
тульская,2024-09,16,6,0,2,4,0,0,0,1,0
тульская,2024-10,8,2,0,1,4,0,0,0,0,0
тульская,2024-11,8,4,0,0,1,0,0,0,1,0
тульская,2024-12,3,0,0,0,1,0,0,0,0,1
тыва,2022-12,1,0,0,0,0,0,0,0,0,0
тыва,2023-06,3,0,0,0,0,0,0,0,0,0
тыва,2023-07,2,0,0,0,0,0,0,0,0,0
тыва,2024-03,11,0,0,0,3,0,0,0,0,0
тыва,2024-06,1,0,0,0,0,0,0,0,0,0
тыва,2024-08,1,0,1,1,1,0,0,0,0,0
тюменская,2023-01,1,0,0,0,0,0,0,0,0,0
тюменская,2023-02,1,0,0,0,0,0,0,0,0,1
тюменская,2023-04,2,0,0,0,1,0,0,0,0,0
тюменская,2023-05,16,0,1,3,13,0,0,0,0,0
тюменская,2023-06,3,0,0,0,1,0,0,0,0,0
тюменская,2023-07,3,0,0,0,0,0,0,0,0,0
тюменская,2023-08,2,0,0,0,0,0,0,0,0,1
тюменская,2023-09,2,0,0,1,0,0,0,0,0,0
тюменская,2023-10,5,0,0,3,3,0,0,0,0,0
тюменская,2023-11,4,0,0,0,1,0,0,0,0,1
тюменская,2023-12,9,0,0,0,0,0,0,0,0,0
тюменская,2024-01,1,0,0,0,0,0,0,0,0,0
тюменская,2024-03,1,0,0,0,0,0,0,0,0,0
тюменская,2024-04,99,0,37,25,0,37,0,0,0,6
тюменская,2024-05,72,0,18,2,0,18,0,0,0,2
тюменская,2024-06,16,0,0,0,1,0,0,0,0,0
тюменская,2024-07,4,0,0,0,0,0,0,0,0,1
тюменская,2024-08,2,0,0,0,0,0,0,0,0,0
тюменская,2024-09,7,0,0,0,0,0,0,0,0,0
тюменская,2024-10,3,0,0,0,1,0,0,0,0,0
тюменская,2024-11,1,0,0,0,0,0,0,0,0,0
тюменская,2024-12,3,0,0,0,0,0,0,0,0,0
удмуртская,2022-12,4,0,0,0,0,0,0,0,1,0
удмуртская,2023-01,1,0,0,0,0,0,0,0,0,0
удмуртская,2023-05,1,0,0,0,0,0,0,0,0,0
удмуртская,2023-06,5,0,1,1,0,0,0,0,1,0
удмуртская,2023-07,3,0,0,0,0,0,0,0,0,0
удмуртская,2023-08,2,0,0,0,0,0,0,0,0,0
удмуртская,2023-09,2,1,0,0,0,0,0,0,1,0
удмуртская,2023-11,3,0,0,0,0,0,0,1,0,0
удмуртская,2023-12,7,0,0,1,1,0,0,0,1,0
удмуртская,2024-01,1,0,0,0,0,0,0,0,0,0
удмуртская,2024-02,11,0,0,3,6,0,0,0,0,0
удмуртская,2024-03,2,0,0,0,0,0,0,0,0,0
удмуртская,2024-04,4,0,0,0,1,0,0,0,0,0
удмуртская,2024-05,3,0,0,0,0,0,0,0,1,0
удмуртская,2024-06,1,0,0,0,0,0,0,0,0,0
удмуртская,2024-07,5,0,0,0,0,0,0,0,0,1
удмуртская,2024-08,1,0,0,0,0,0,0,0,0,1
удмуртская,2024-09,1,0,0,1,0,0,0,0,0,0
удмуртская,2024-10,4,0,0,0,0,0,0,0,0,3
удмуртская,2024-11,6,3,0,2,0,0,0,0,0,0
удмуртская,2024-12,6,1,0,2,0,0,0,0,0,3
ульяновская,2022-12,3,0,0,0,0,0,0,0,1,0
ульяновская,2023-01,2,0,0,0,0,0,0,0,0,0
ульяновская,2023-02,7,0,0,1,0,0,0,0,0,0
ульяновская,2023-03,3,0,0,0,0,0,0,0,1,0
ульяновская,2023-05,2,0,0,0,0,0,0,0,0,0
ульяновская,2023-06,18,0,0,0,0,0,0,0,0,0
ульяновская,2023-07,5,0,0,0,0,0,0,0,0,0
ульяновская,2023-08,3,0,0,0,0,0,0,0,0,0
ульяновская,2023-09,1,0,0,0,0,0,0,0,0,0
ульяновская,2023-10,3,0,0,0,0,0,0,0,1,0
ульяновская,2023-11,9,0,0,0,0,0,0,0,0,0
ульяновская,2023-12,1,0,0,0,0,0,0,0,0,0
ульяновская,2024-01,1,0,0,0,0,0,0,0,0,0
ульяновская,2024-02,1,0,0,0,0,0,0,0,0,0
ульяновская,2024-03,1,0,0,0,0,0,0,0,0,0
ульяновская,2024-07,7,0,0,2,4,0,0,0,1,0
ульяновская,2024-08,3,0,0,0,0,0,0,0,0,0
ульяновская,2024-09,1,0,0,0,0,0,0,0,0,0
ульяновская,2024-11,1,0,0,0,0,0,0,0,1,0
ульяновская,2024-12,2,0,0,1,0,0,0,0,0,0
хабаровский,2022-12,13,0,0,3,1,0,0,1,0,0
хабаровский,2023-01,3,0,0,0,1,0,0,0,1,0
хабаровский,2023-02,1,0,0,1,0,0,0,0,0,0
хабаровский,2023-03,7,0,0,0,0,0,0,0,0,0
хабаровский,2023-04,1,0,0,0,0,0,0,0,1,0
хабаровский,2023-05,4,0,0,0,0,0,0,0,0,0
хабаровский,2023-06,4,0,1,1,1,0,0,0,0,0
хабаровский,2023-07,4,0,1,1,2,0,0,0,0,0
хабаровский,2023-08,4,0,0,1,0,0,0,0,0,1
хабаровский,2023-09,7,0,0,0,0,0,0,0,0,0
хабаровский,2023-10,2,0,0,0,0,0,0,0,0,1
хабаровский,2023-11,3,0,0,0,0,0,0,0,0,1
хабаровский,2023-12,4,0,0,0,1,0,0,0,0,0
хабаровский,2024-01,6,0,0,0,0,0,0,0,0,0
хабаровский,2024-02,1,0,0,0,0,0,0,0,0,0
хабаровский,2024-03,2,0,0,0,0,0,0,0,0,1
хабаровский,2024-04,1,0,1,1,0,1,0,0,0,1
хабаровский,2024-05,6,0,1,1,4,0,0,0,0,0
хабаровский,2024-06,5,0,0,0,0,0,0,0,0,0
хабаровский,2024-07,13,0,0,0,0,0,0,0,1,1
хабаровский,2024-08,3,0,0,0,0,0,0,0,1,0
хабаровский,2024-09,7,0,0,0,0,0,0,0,0,0
хабаровский,2024-10,25,0,0,2,12,0,0,0,0,1
хабаровский,2024-11,1,0,0,0,1,0,0,0,0,0
хакасия,2023-03,2,0,0,0,0,0,0,0,0,0
хакасия,2023-04,1,0,0,0,0,0,0,0,0,0
хакасия,2023-06,2,0,0,0,0,0,0,0,0,0
хакасия,2023-07,14,0,0,0,0,0,0,0,0,0
хакасия,2023-08,5,0,0,0,0,0,0,0,0,0
хакасия,2023-09,8,0,0,0,0,0,0,0,0,0
хакасия,2023-10,1,0,0,0,0,0,0,0,0,0
хакасия,2023-11,3,0,0,2,0,0,0,0,0,0
хакасия,2023-12,5,0,0,3,0,0,0,0,0,0
хакасия,2024-02,1,0,0,0,0,0,0,0,0,0
хакасия,2024-03,1,0,0,0,0,0,0,0,1,0
хакасия,2024-05,1,0,0,0,0,0,0,0,0,0
хакасия,2024-11,2,0,0,0,1,0,0,0,0,0
хакасия,2024-12,4,0,0,4,0,0,0,0,4,0
ханты,2022-12,50,0,2,43,0,0,0,0,0,0
ханты,2023-01,4,0,0,0,2,0,0,0,0,0
ханты,2023-02,2,0,0,0,0,0,1,0,0,1
ханты,2023-03,5,0,0,0,0,0,0,0,0,1
ханты,2023-04,1,0,0,0,0,0,0,0,0,0
ханты,2023-05,1,0,0,0,1,0,0,0,0,0
ханты,2023-06,1,0,0,0,0,0,0,0,0,0
ханты,2023-07,2,0,0,1,0,0,0,0,0,0
ханты,2023-08,1,0,0,0,0,0,0,0,0,0
ханты,2023-09,1,0,0,0,0,0,0,0,0,0
ханты,2023-10,2,0,0,0,0,0,0,0,0,0
ханты,2024-01,2,0,0,0,0,0,0,0,0,0
ханты,2024-03,1,0,0,0,0,0,0,0,0,0
ханты,2024-04,2,0,0,0,0,0,0,0,0,0
ханты,2024-05,1,0,1,0,0,1,0,0,0,0
ханты,2024-06,5,0,1,0,0,1,0,0,0,1
ханты,2024-07,4,0,0,0,0,0,1,0,0,0
ханты,2024-08,4,0,0,0,0,0,0,0,0,0
ханты,2024-09,2,0,0,0,0,0,0,0,0,0
ханты,2024-10,4,0,0,0,1,0,0,0,0,0
ханты,2024-11,6,0,0,0,2,0,1,0,0,0
ханты,2024-12,5,0,0,0,0,0,0,0,0,0
челябинская,2022-12,3,0,0,0,0,0,0,0,0,1
челябинская,2023-01,3,0,0,0,0,0,0,0,0,0
челябинская,2023-02,3,0,0,0,0,0,0,0,1,0
челябинская,2023-03,3,0,0,0,0,0,0,0,0,0
челябинская,2023-04,2,0,0,0,1,0,0,0,1,0
челябинская,2023-05,8,0,0,0,3,0,0,0,0,0
челябинская,2023-06,4,0,0,0,0,0,0,0,0,0
челябинская,2023-07,3,0,0,0,0,0,0,0,0,0
челябинская,2023-08,14,0,0,0,0,0,0,0,0,0
челябинская,2023-09,3,0,0,0,0,0,0,0,0,0
челябинская,2023-11,3,0,0,0,0,0,0,0,0,0
челябинская,2024-01,11,0,0,0,2,0,0,0,3,1
челябинская,2024-02,8,0,0,1,0,0,0,0,1,0
челябинская,2024-03,2,0,1,0,0,1,0,0,0,0
челябинская,2024-04,8,0,3,1,0,3,0,0,0,0
челябинская,2024-05,4,0,0,0,2,0,0,0,1,0
челябинская,2024-06,2,0,0,0,1,0,0,0,1,0
челябинская,2024-07,24,0,15,9,0,14,0,0,0,0
челябинская,2024-08,3,0,0,0,0,0,0,0,1,0
челябинская,2024-09,34,0,0,0,0,0,0,0,0,0
челябинская,2024-10,16,0,1,1,0,0,0,1,0,0
челябинская,2024-11,6,0,0,0,0,0,0,0,0,0
челябинская,2024-12,2,0,1,0,0,1,0,0,0,0
чеченская,2022-12,6,0,0,0,0,0,0,0,0,0
чеченская,2023-01,5,0,0,0,0,0,0,0,0,0
чеченская,2023-02,6,0,0,0,0,0,0,0,0,0
чеченская,2023-03,8,0,0,0,0,0,0,0,0,0
чеченская,2023-04,10,0,0,0,0,0,0,0,0,0
чеченская,2023-05,2,0,0,0,0,0,0,0,0,0
чеченская,2023-06,5,0,0,0,0,0,0,0,0,1
чеченская,2023-07,35,0,0,0,0,0,0,0,0,0
чеченская,2023-08,9,0,0,0,0,0,0,0,0,0
чеченская,2023-09,8,0,0,0,0,0,0,0,0,0
чеченская,2023-10,19,0,0,0,0,0,0,0,0,0
чеченская,2023-11,21,0,0,1,0,0,0,0,0,0
чеченская,2023-12,9,0,0,0,0,0,0,0,0,0
чеченская,2024-01,7,0,0,0,0,0,0,0,0,0
чеченская,2024-02,7,0,0,0,0,0,0,0,0,0
чеченская,2024-03,3,0,0,0,0,0,0,0,0,0
чеченская,2024-04,21,0,0,0,0,0,0,0,0,0
чеченская,2024-05,18,0,0,0,0,0,0,0,0,0
чеченская,2024-06,6,1,0,1,0,0,0,0,0,0
чеченская,2024-07,17,1,0,6,0,0,0,0,0,0
чеченская,2024-08,14,0,0,0,0,0,0,0,0,0
чеченская,2024-09,9,0,0,1,0,0,0,0,0,0
чеченская,2024-10,31,11,0,3,1,0,0,0,0,0
чеченская,2024-11,5,0,0,0,0,0,0,0,0,0
чеченская,2024-12,29,12,0,5,0,0,0,0,0,1
чувашия,2022-12,15,0,0,10,2,0,0,0,0,0
чувашия,2023-01,3,0,0,0,3,0,0,0,0,0
чувашия,2023-03,4,0,0,0,0,0,0,0,0,0
чувашия,2023-06,3,0,0,0,0,0,0,0,0,0
чувашия,2023-07,4,0,1,1,0,0,0,0,0,0
чувашия,2023-08,2,0,0,0,0,0,0,0,0,1
чувашия,2023-10,3,0,0,0,0,0,0,0,0,0
чувашия,2023-11,3,0,0,0,0,0,0,0,0,2
чувашия,2023-12,1,0,0,0,0,0,0,0,0,0
чувашия,2024-02,4,0,0,0,0,0,0,0,0,0
чувашия,2024-04,2,0,0,0,0,0,0,0,0,0
чувашия,2024-05,1,0,0,1,0,0,0,0,0,0
чувашия,2024-06,1,0,0,0,0,0,0,0,0,0
чувашия,2024-11,4,0,0,0,0,0,0,0,0,0
чувашия,2024-12,3,0,0,2,0,0,0,0,0,0
чукотский,2023-03,8,0,0,0,0,0,0,0,1,0
чукотский,2023-06,4,0,0,0,0,0,0,0,0,0
чукотский,2023-07,1,0,0,0,0,0,0,0,0,0
чукотский,2023-09,2,0,0,0,0,0,0,0,0,1
чукотский,2023-10,4,0,0,0,0,0,0,0,0,0
чукотский,2023-11,13,0,0,1,0,0,0,0,0,0
чукотский,2024-01,4,0,0,0,0,0,0,0,0,0
чукотский,2024-02,1,0,0,0,0,0,0,0,0,0
чукотский,2024-03,2,0,0,0,0,0,0,0,0,0
чукотский,2024-04,3,0,0,0,0,0,0,0,0,0
чукотский,2024-06,3,0,0,0,0,0,0,0,0,0
чукотский,2024-07,1,0,0,0,0,0,0,0,0,0
чукотский,2024-09,3,0,0,0,0,0,0,0,0,0
чукотский,2024-10,4,0,0,0,0,0,0,0,0,0
чукотский,2024-11,2,0,0,0,0,0,0,0,0,0
ямало,2022-12,4,0,0,0,0,0,0,0,0,0
ямало,2023-01,2,0,0,0,0,0,0,0,0,0
ямало,2023-02,2,0,0,0,0,0,0,0,0,0
ямало,2023-03,4,0,0,0,0,0,0,0,0,2
ямало,2023-04,5,0,0,0,0,0,0,1,0,1
ямало,2023-05,3,0,0,0,0,0,0,0,0,0
ямало,2023-06,5,0,0,0,0,0,0,0,0,0
ямало,2023-07,3,0,0,0,0,0,0,0,0,0
ямало,2023-08,6,0,1,1,1,0,0,0,0,0
ямало,2023-09,1,0,0,0,1,0,0,0,0,0
ямало,2023-10,2,0,0,0,0,0,0,0,0,0
ямало,2023-11,1,0,0,0,0,0,0,0,0,0
ямало,2024-01,1,0,0,0,0,0,0,0,0,0
ямало,2024-02,5,0,0,0,0,0,0,0,0,1
ямало,2024-03,6,0,0,0,0,0,0,0,0,0
ямало,2024-04,1,0,0,0,0,0,0,0,0,0
ямало,2024-05,4,0,0,0,0,0,0,0,0,0
ямало,2024-06,4,0,0,0,0,0,0,0,0,0
ямало,2024-07,2,0,0,0,0,0,0,0,0,0
ямало,2024-09,3,0,0,0,0,0,0,0,0,1
ямало,2024-10,3,0,0,0,0,0,0,0,0,0
ямало,2024-11,3,0,0,0,0,0,0,0,0,0
ярославская,2022-12,12,0,0,11,0,0,0,0,0,0
ярославская,2023-02,1,0,0,0,1,0,0,0,0,0
ярославская,2023-03,2,0,0,0,0,0,0,0,0,0
ярославская,2023-04,2,0,0,0,0,0,0,0,0,0
ярославская,2023-05,2,0,0,1,1,0,0,0,2,0
ярославская,2023-06,2,0,0,0,0,0,0,0,1,0
ярославская,2023-07,5,0,1,1,0,0,0,0,0,0
ярославская,2023-12,2,0,0,0,0,0,0,0,0,0
ярославская,2024-01,10,6,0,0,0,0,0,0,3,0
ярославская,2024-02,3,0,0,0,0,0,0,0,0,0
ярославская,2024-03,7,4,0,0,0,0,0,0,0,0
ярославская,2024-04,7,0,0,0,0,0,0,0,0,0
ярославская,2024-05,1,0,0,0,0,0,0,0,0,0
ярославская,2024-06,6,5,0,0,0,0,0,0,0,0
ярославская,2024-07,5,0,0,2,0,0,0,0,0,0
ярославская,2024-08,2,2,0,0,0,0,0,0,1,0
ярославская,2024-09,3,2,0,0,0,0,0,0,0,0
ярославская,2024-11,2,0,0,0,0,0,0,0,0,0
ярославская,2024-12,1,0,0,0,0,0,0,0,0,0
