territory_id,month,all,attack,disaster,emergency,fire,flood,layoff,payments,plant,transport
1,2023-08,1,0,0,0,1,0,0,0,0,0
1,2024-03,1,0,0,0,0,0,0,0,0,0
1,2024-07,2,0,0,0,0,0,0,0,0,0
1,2024-10,4,4,0,2,0,0,0,0,0,0
1,2024-12,1,0,0,1,0,0,0,0,0,0
10,2023-07,2,0,0,0,0,0,0,0,0,2
10,2024-03,1,0,0,0,0,0,0,0,0,1
10,2024-04,3,0,0,0,0,0,0,0,0,3
10,2024-07,4,0,0,0,0,0,0,0,0,2
10,2024-09,1,0,0,0,0,0,0,0,0,0
10,2024-10,2,0,0,0,0,0,0,0,0,1
29,2024-07,4,0,0,3,0,0,0,0,0,0
29,2024-08,6,0,0,3,3,0,0,0,5,0
35,2024-01,1,0,0,0,0,0,0,0,0,0
57,2024-08,1,0,0,0,0,0,0,0,0,0
89,2024-01,1,0,0,0,0,0,0,0,0,0
91,2024-08,1,0,1,1,0,1,0,0,0,1
107,2023-01,1,0,0,0,0,0,0,0,0,0
107,2023-04,1,0,0,0,0,0,0,0,0,0
107,2023-08,81,0,0,63,9,0,0,0,0,1
107,2023-09,12,0,0,8,4,0,0,0,0,0
107,2023-10,59,0,0,0,0,0,1,0,0,42
107,2023-11,11,0,0,0,0,0,0,0,0,4
107,2023-12,4,0,0,0,0,0,0,0,0,3
107,2024-01,1,0,0,1,0,0,0,0,0,0
107,2024-02,2,0,0,0,0,0,0,0,0,0
107,2024-03,2,0,0,0,0,0,0,0,0,0
107,2024-04,1,0,0,0,0,0,0,0,0,0
107,2024-06,37,2,0,0,0,0,0,0,0,2
107,2024-07,4,0,0,0,1,0,0,0,0,1
107,2024-08,2,0,0,0,0,0,0,0,0,1
107,2024-09,19,0,1,13,1,0,0,0,0,2
107,2024-10,3,0,0,2,0,0,0,0,0,1
107,2024-11,7,4,0,0,0,0,0,0,0,5
107,2024-12,4,0,0,1,0,0,0,0,0,3
108,2024-02,3,0,0,0,2,0,0,0,0,0
108,2024-06,2,0,0,0,0,0,0,0,0,0
114,2024-09,1,0,0,0,1,0,0,0,0,0
145,2024-06,8,0,0,0,0,0,0,0,0,0
145,2024-07,4,0,0,0,0,0,0,0,0,0
160,2022-12,5,0,0,2,1,0,0,0,0,0
167,2022-12,1,0,0,0,0,0,0,0,0,0
167,2023-04,1,0,0,0,0,0,0,0,0,0
167,2023-06,1,0,0,0,0,0,0,0,0,0
167,2023-09,1,0,0,0,0,0,0,0,0,0
167,2023-10,1,0,0,0,0,0,0,0,0,0
167,2024-04,2,0,0,0,0,0,0,0,0,0
167,2024-06,2,0,0,1,0,0,0,0,0,0
167,2024-07,1,0,0,0,0,0,0,0,0,0
167,2024-11,1,0,0,0,0,0,0,0,0,0
167,2024-12,1,0,0,0,0,0,0,0,0,0
176,2024-02,1,0,0,0,0,0,0,0,0,0
176,2024-04,1,0,0,0,0,0,0,0,0,0
176,2024-08,1,0,0,0,0,0,0,0,0,0
176,2024-09,1,0,0,0,0,0,0,0,0,0
176,2024-12,1,0,0,0,0,0,0,0,0,0
194,2023-07,4,0,2,3,0,0,0,0,0,0
194,2024-10,14,0,1,13,0,0,0,0,0,0
202,2024-08,1,0,0,0,0,0,0,0,0,0
206,2023-04,1,0,0,0,0,0,0,0,0,0
206,2023-11,1,0,0,0,0,0,0,0,0,0
206,2024-04,1,0,1,0,0,1,0,0,0,1
208,2023-09,1,0,0,0,0,0,0,0,0,0
210,2024-11,1,0,0,0,0,0,0,0,0,0
211,2024-06,1,0,0,0,0,0,0,0,0,0
218,2024-02,1,0,0,0,0,0,0,0,0,0
218,2024-04,1,0,1,0,0,1,0,0,0,0
221,2024-08,1,0,0,0,0,0,0,0,0,0
221,2024-11,1,0,0,0,0,0,0,0,0,0
224,2023-05,1,0,0,0,0,0,0,0,0,0
224,2023-06,1,0,0,0,0,0,0,0,0,0
224,2023-07,1,0,0,0,0,0,0,0,0,0
224,2023-10,1,0,0,0,0,0,0,0,0,0
224,2023-12,3,0,0,0,1,0,0,0,0,0
224,2024-01,1,0,0,0,0,0,0,0,0,0
224,2024-03,1,0,0,0,1,0,0,0,0,0
224,2024-04,1,0,0,0,0,0,0,0,0,0
224,2024-05,2,0,0,0,0,0,0,0,0,0
224,2024-06,1,0,0,0,0,0,0,0,0,0
224,2024-12,1,0,0,0,0,0,0,0,0,1
225,2023-03,1,0,0,0,0,0,0,0,0,0
225,2023-04,1,0,0,0,0,0,0,0,0,0
225,2023-05,1,0,0,0,0,0,0,0,0,0
225,2023-12,1,0,0,0,0,0,0,0,0,1
225,2024-01,2,0,1,0,0,1,0,0,2,0
225,2024-05,1,0,0,0,0,0,0,0,0,1
225,2024-06,3,0,0,0,0,0,0,0,0,1
227,2024-06,1,0,0,1,0,0,0,0,0,0
228,2024-08,1,0,0,0,1,0,0,0,0,0
229,2022-12,1,0,0,0,0,0,0,0,1,0
229,2023-02,1,0,0,0,1,0,0,0,0,0
229,2024-02,1,0,0,0,0,0,0,0,0,0
234,2024-05,1,0,0,1,0,0,0,0,0,0
286,2022-12,1,0,0,0,0,0,0,0,0,0
286,2024-01,3,0,0,0,2,0,0,0,1,0
286,2024-02,3,0,0,0,0,0,1,0,0,2
286,2024-05,1,0,0,0,0,0,0,0,0,1
286,2024-09,1,0,0,0,0,0,0,0,0,0
309,2023-05,1,0,0,0,1,0,0,0,0,0
309,2023-06,1,0,0,0,0,0,0,0,0,0
309,2023-09,1,0,0,0,0,0,0,0,0,0
309,2023-11,2,0,0,0,0,0,0,0,0,1
309,2023-12,2,0,0,0,0,0,0,0,0,1
309,2024-01,2,0,0,0,0,0,0,0,0,1
309,2024-02,2,0,0,0,0,0,0,0,0,1
309,2024-06,2,0,0,0,0,0,0,0,0,0
309,2024-12,4,0,0,0,3,0,0,1,0,1
312,2024-09,1,0,0,0,0,0,0,0,0,1
316,2023-06,1,0,0,0,0,0,0,0,0,0
321,2024-12,1,0,0,0,0,0,0,0,0,0
328,2024-06,1,0,0,0,0,0,0,0,0,0
329,2024-05,1,0,1,0,0,1,0,0,0,0
333,2024-05,3,0,1,3,0,1,0,0,0,0
338,2024-06,1,0,0,0,1,0,0,0,0,0
345,2023-06,2,0,2,1,0,2,0,0,0,0
345,2023-07,2,0,0,0,2,0,0,0,0,0
345,2023-11,1,0,0,0,0,0,0,0,0,0
345,2024-04,2,0,0,0,0,0,1,0,0,2
345,2024-11,2,0,0,1,0,0,0,0,0,2
345,2024-12,16,3,0,10,1,0,0,1,0,5
352,2023-12,1,0,0,0,0,0,0,0,0,0
352,2024-04,1,0,0,0,0,0,0,0,0,0
352,2024-08,5,0,0,0,0,0,0,0,0,0
352,2024-09,8,0,0,0,0,0,0,0,0,0
353,2023-06,1,0,1,1,0,1,0,0,0,0
354,2022-12,2,0,0,0,0,0,0,0,0,0
354,2023-01,2,0,0,0,0,0,0,0,0,0
354,2023-02,4,0,0,0,0,0,0,0,0,0
354,2023-03,3,0,0,0,0,0,0,0,0,0
354,2023-04,4,0,0,0,0,0,0,0,0,0
354,2023-05,4,0,0,0,0,0,0,0,0,0
354,2023-06,4,0,0,0,1,0,0,0,0,0
354,2023-07,10,0,0,0,0,0,0,0,0,0
354,2023-08,4,0,0,0,0,0,0,0,0,1
354,2023-09,8,0,0,1,0,0,0,0,0,0
354,2023-10,6,0,0,0,0,0,0,0,0,0
354,2023-11,1,0,0,0,0,0,0,0,0,0
354,2023-12,5,0,0,1,0,0,0,0,0,2
354,2024-01,3,0,0,1,1,0,0,0,0,1
354,2024-02,5,0,0,0,0,0,0,0,0,0
354,2024-03,4,0,0,0,1,0,0,0,1,0
354,2024-04,6,0,0,0,0,0,0,0,0,3
354,2024-05,12,2,0,0,0,0,0,0,0,6
354,2024-06,16,0,0,0,0,0,0,0,0,4
354,2024-07,9,0,0,0,0,0,0,0,0,4
354,2024-08,6,0,0,0,0,0,0,0,0,2
354,2024-09,11,0,0,0,0,0,0,0,0,2
354,2024-10,48,0,0,0,0,0,0,0,0,7
354,2024-11,5,0,0,0,0,0,0,0,0,2
354,2024-12,59,31,0,3,2,0,0,0,0,12
368,2023-06,1,0,0,0,0,0,0,0,0,0
373,2023-06,1,0,0,0,0,0,0,0,1,0
373,2024-04,6,6,0,0,0,0,0,0,0,0
373,2024-05,1,1,0,0,0,0,0,0,0,0
382,2024-01,1,0,0,0,0,0,0,0,0,0
382,2024-10,1,0,0,0,0,0,0,0,0,0
385,2023-07,1,0,0,1,0,0,0,0,0,0
385,2023-11,1,0,0,0,0,0,0,0,0,0
385,2023-12,1,0,0,0,1,0,0,0,0,0
385,2024-04,5,1,0,0,0,0,0,0,2,2
385,2024-05,5,0,0,0,0,0,0,0,0,5
385,2024-07,2,0,0,0,0,0,0,0,0,2
385,2024-08,1,0,0,0,0,0,0,0,0,1
385,2024-09,1,0,0,0,0,0,0,0,0,1
385,2024-10,1,0,0,0,0,0,0,0,0,1
387,2024-04,1,0,0,0,0,0,0,0,0,0
410,2024-08,1,0,1,1,1,0,0,0,0,0
414,2024-03,10,0,0,0,3,0,0,0,0,0
418,2022-12,3,0,0,0,0,0,0,0,1,0
418,2023-05,1,0,0,0,0,0,0,0,0,0
418,2023-06,1,0,0,0,0,0,0,0,0,0
418,2023-07,1,0,0,0,0,0,0,0,0,0
418,2023-09,2,1,0,0,0,0,0,0,1,0
418,2023-12,2,0,0,0,1,0,0,0,0,0
418,2024-02,9,0,0,1,6,0,0,0,0,0
418,2024-05,2,0,0,0,0,0,0,0,1,0
418,2024-06,1,0,0,0,0,0,0,0,0,0
418,2024-07,1,0,0,0,0,0,0,0,0,1
418,2024-08,1,0,0,0,0,0,0,0,0,1
418,2024-09,1,0,0,1,0,0,0,0,0,0
418,2024-10,4,0,0,0,0,0,0,0,0,3
418,2024-11,5,3,0,2,0,0,0,0,0,0
418,2024-12,6,1,0,2,0,0,0,0,0,3
448,2024-12,4,0,0,4,0,0,0,0,4,0
460,2023-11,1,0,0,0,0,0,0,0,0,0
466,2023-03,1,0,0,0,0,0,0,0,0,0
466,2024-10,1,1,0,0,0,0,0,0,0,0
469,2023-04,1,0,0,0,0,0,0,0,0,0
478,2023-01,3,0,0,0,3,0,0,0,0,0
478,2023-06,1,0,0,0,0,0,0,0,0,0
478,2023-08,2,0,0,0,0,0,0,0,0,1
478,2023-10,1,0,0,0,0,0,0,0,0,0
478,2024-05,1,0,0,1,0,0,0,0,0,0
478,2024-12,1,0,0,1,0,0,0,0,0,0
481,2024-11,1,0,0,0,0,0,0,0,0,0
504,2024-05,1,0,0,0,0,0,0,0,0,0
504,2024-08,1,0,0,0,0,0,0,0,0,0
504,2024-09,3,0,0,0,3,0,0,0,3,0
504,2024-10,1,0,0,0,0,0,0,0,0,0
504,2024-11,1,0,0,0,1,0,0,0,0,0
507,2024-01,2,0,0,2,0,0,0,0,0,0
538,2024-10,2,0,0,0,0,0,0,0,0,0
538,2024-11,1,0,0,0,0,0,0,0,0,0
543,2023-11,1,0,0,0,0,0,0,0,0,0
543,2024-02,1,0,0,0,0,0,0,0,0,0
557,2024-10,1,0,1,0,0,1,0,0,0,0
573,2023-01,1,0,0,0,0,0,0,0,0,0
573,2023-02,1,0,0,0,0,0,0,0,0,0
573,2023-03,11,0,0,11,0,0,0,0,0,0
573,2023-04,1,0,0,0,0,0,0,0,0,0
573,2023-05,1,0,0,0,0,0,0,0,0,0
573,2024-03,1,0,0,0,0,0,0,0,0,0
573,2024-05,2,0,0,0,1,0,0,0,0,0
573,2024-11,1,0,0,0,0,0,0,0,0,0
579,2023-05,2,0,0,0,2,0,0,0,0,0
581,2023-05,1,0,0,0,0,0,0,0,0,0
581,2024-03,1,0,0,0,0,0,0,0,0,0
581,2024-05,1,0,0,0,0,0,0,0,0,0
612,2024-10,1,0,0,0,0,0,0,0,0,0
666,2022-12,2,0,0,0,0,0,0,0,0,0
666,2023-02,5,0,0,1,3,0,0,0,0,0
666,2023-03,1,0,0,0,0,0,0,0,0,0
666,2023-04,3,0,0,1,1,0,0,0,0,1
666,2023-05,3,0,0,0,0,0,0,0,0,0
666,2023-06,2,0,0,0,0,0,0,0,0,0
666,2023-07,2,0,0,0,0,0,0,0,0,0
666,2023-08,3,0,0,0,1,0,0,0,0,0
666,2023-09,2,0,0,0,0,0,0,0,0,0
666,2023-10,1,0,0,0,0,0,0,0,0,0
666,2023-11,3,0,0,0,0,0,0,0,0,0
666,2023-12,2,0,0,0,0,0,0,0,0,0
666,2024-02,3,0,0,0,0,0,0,0,0,0
666,2024-03,3,0,0,0,2,0,0,0,0,0
666,2024-04,1,0,0,0,0,0,0,0,0,0
666,2024-05,2,0,0,0,0,0,0,0,0,0
666,2024-06,1,0,0,0,0,0,0,0,0,0
666,2024-07,4,0,0,0,0,0,0,0,0,2
666,2024-09,14,0,0,0,0,0,0,0,0,0
666,2024-10,4,0,0,0,2,0,0,0,0,0
666,2024-11,2,0,0,0,0,0,0,0,0,1
666,2024-12,1,0,0,0,0,0,0,0,0,0
667,2024-03,1,0,0,0,0,0,0,0,1,0
667,2024-04,1,0,0,0,0,0,0,0,0,0
669,2023-07,1,0,0,0,0,0,0,0,0,0
674,2023-08,7,0,0,6,0,0,0,0,0,0
674,2024-03,1,0,0,0,1,0,0,0,0,0
674,2024-11,2,0,0,0,0,0,0,0,0,0
678,2023-01,1,0,0,0,0,0,0,0,0,1
678,2023-02,3,0,0,1,2,0,0,0,0,1
678,2023-04,2,0,0,1,0,0,0,0,0,0
678,2023-05,1,0,0,0,1,0,0,0,0,0
678,2023-07,1,0,0,0,0,0,0,0,0,0
678,2023-09,1,0,0,0,0,0,0,0,0,0
678,2023-11,1,0,0,0,0,0,0,0,0,0
678,2023-12,2,0,0,1,0,0,0,0,2,0
678,2024-01,1,0,0,0,0,0,0,0,0,1
678,2024-04,2,0,0,1,0,0,0,0,0,2
678,2024-10,2,0,0,0,1,0,0,0,0,0
678,2024-11,1,0,0,0,0,0,0,0,0,0
678,2024-12,1,0,0,1,0,0,0,0,0,0
705,2024-09,1,0,0,0,0,0,0,0,0,0
718,2023-01,1,0,0,0,1,0,0,0,0,0
726,2023-02,1,0,0,0,0,0,0,0,0,0
726,2023-06,1,0,0,0,0,0,0,0,0,0
726,2023-11,1,0,0,0,0,0,0,0,0,0
726,2024-05,1,0,0,0,0,0,0,0,0,0
726,2024-06,2,0,0,0,0,0,0,0,0,0
727,2022-12,1,0,0,0,0,0,0,0,0,0
727,2023-01,4,0,0,0,0,0,0,0,0,2
727,2023-04,1,0,0,0,0,0,0,0,0,0
727,2023-05,2,0,0,0,0,0,0,0,1,0
727,2023-06,2,0,0,0,0,0,0,0,0,0
727,2023-07,1,0,0,0,0,0,0,0,1,0
727,2023-09,3,0,0,0,0,0,0,0,0,2
727,2023-10,8,0,0,0,0,0,0,0,0,3
727,2023-11,2,0,0,0,0,0,0,0,0,1
727,2024-01,3,0,0,0,3,0,0,0,3,0
727,2024-03,1,0,0,1,0,0,0,0,0,0
727,2024-04,3,0,0,0,0,0,0,0,0,0
727,2024-05,2,0,0,0,0,0,0,0,0,1
727,2024-06,2,0,0,0,0,0,0,0,0,0
727,2024-07,2,0,0,0,0,0,0,0,0,0
727,2024-08,1,0,0,0,0,0,0,0,0,0
727,2024-09,3,0,0,0,0,0,0,0,0,0
727,2024-10,3,0,0,0,1,0,0,0,0,0
727,2024-12,2,0,0,0,0,0,0,0,0,0
745,2024-08,2,0,0,2,0,0,0,0,0,0
753,2024-10,1,0,0,0,0,0,0,0,0,0
775,2022-12,8,0,0,0,5,0,0,0,0,0
775,2023-01,4,0,0,0,0,0,0,0,0,0
775,2023-03,7,0,0,0,0,0,0,0,0,0
775,2023-04,4,0,0,0,0,0,0,0,0,0
775,2023-05,5,1,0,0,0,0,0,0,0,0
775,2023-07,5,0,0,0,0,0,0,0,0,0
775,2023-08,5,0,0,0,0,0,0,0,0,0
775,2023-09,8,0,0,0,0,0,0,0,0,1
775,2023-10,3,0,0,0,0,0,0,0,0,0
775,2023-11,3,0,0,2,0,0,0,0,0,0
775,2023-12,7,1,0,1,0,0,0,0,0,1
775,2024-01,6,0,0,0,0,0,0,0,0,1
775,2024-02,1,0,0,0,0,0,0,0,0,0
775,2024-03,2,0,0,0,0,0,0,0,0,0
775,2024-04,2,0,0,0,1,0,0,0,0,0
775,2024-05,18,0,0,0,0,0,0,0,0,0
775,2024-06,3,0,0,0,0,0,0,0,0,0
775,2024-07,7,0,0,1,0,0,0,0,0,0
775,2024-08,12,0,1,2,0,1,0,0,0,1
775,2024-09,15,0,0,1,0,0,0,0,0,0
775,2024-10,4,0,0,0,0,0,0,0,0,0
775,2024-11,5,0,0,1,0,0,0,0,0,1
775,2024-12,5,0,0,1,0,0,0,0,0,0
782,2023-09,1,0,0,0,0,0,0,0,0,0
782,2023-12,2,0,0,1,0,0,0,0,0,0
782,2024-01,2,0,0,0,0,0,0,0,0,0
782,2024-03,1,0,0,0,0,0,0,0,0,0
782,2024-08,1,0,0,0,0,0,0,0,0,0
782,2024-12,2,0,0,0,0,0,0,0,0,0
785,2023-08,6,0,5,1,0,5,0,0,0,0
795,2024-04,1,0,0,0,0,0,0,0,0,0
798,2023-09,1,1,0,0,0,0,0,0,0,0
798,2024-07,1,0,0,0,0,0,0,0,0,0
803,2022-12,1,0,0,0,0,0,0,0,0,0
803,2023-08,1,0,0,0,0,0,0,0,0,0
808,2024-10,1,0,0,0,0,0,0,0,0,0
809,2022-12,3,0,0,0,0,0,0,0,0,0
809,2023-02,3,0,0,0,0,0,0,0,0,0
809,2023-03,2,1,0,0,0,0,0,0,0,0
809,2023-04,3,0,0,2,0,0,0,0,0,0
809,2023-05,6,0,0,0,3,0,0,0,3,0
809,2023-06,3,0,0,0,0,0,0,0,0,1
809,2023-07,6,0,0,0,0,0,1,0,0,0
809,2023-08,3,0,0,0,2,0,0,0,0,0
809,2023-10,1,0,0,0,0,0,0,0,0,0
809,2023-12,7,0,0,0,0,0,0,0,0,0
809,2024-01,1,0,0,0,0,0,0,0,0,0
809,2024-02,2,0,0,0,1,0,0,0,0,0
809,2024-03,7,0,0,0,0,0,0,0,0,2
809,2024-04,17,0,0,2,0,0,0,0,0,0
809,2024-05,4,0,0,0,0,0,0,0,0,0
809,2024-06,4,0,0,0,0,0,0,0,0,0
809,2024-07,6,1,0,0,1,0,0,0,0,0
809,2024-08,4,0,0,0,0,0,0,0,0,0
809,2024-09,15,0,0,0,11,0,0,0,0,0
809,2024-10,5,0,0,0,0,0,0,0,0,1
809,2024-11,4,1,0,0,2,0,0,0,0,0
809,2024-12,5,0,0,0,0,0,0,0,0,3
812,2023-07,1,0,0,0,0,0,0,0,0,0
812,2024-06,2,0,0,0,0,0,0,0,0,0
812,2024-07,2,0,0,0,0,0,0,0,0,0
812,2024-09,1,0,0,1,0,0,0,0,0,0
812,2024-10,1,0,0,1,0,0,0,0,0,0
813,2023-03,1,0,0,0,0,0,0,0,0,0
813,2023-08,1,0,0,0,0,0,0,0,0,0
813,2024-12,1,0,0,0,0,0,0,0,0,0
822,2024-06,1,0,0,0,0,0,0,0,0,0
824,2023-03,1,0,0,0,0,0,0,0,0,0
824,2023-05,1,0,0,0,0,0,0,0,0,0
824,2023-07,1,0,0,0,0,0,0,0,0,0
824,2023-10,1,0,0,0,1,0,0,0,0,0
824,2023-12,1,0,0,0,0,0,0,0,0,0
824,2024-03,1,0,0,0,0,0,0,0,0,0
824,2024-07,1,0,0,1,0,0,0,0,0,0
824,2024-08,4,0,0,0,2,0,0,0,0,0
824,2024-09,3,0,0,0,3,0,0,0,0,0
824,2024-11,12,0,2,11,1,0,0,0,0,0
830,2023-11,1,0,0,0,0,0,0,0,0,0
830,2024-07,1,0,0,0,0,0,0,0,1,0
830,2024-08,1,0,0,0,0,0,0,0,0,0
834,2024-03,1,1,0,0,0,0,0,0,0,0
834,2024-07,1,0,0,0,1,0,0,0,0,0
842,2022-12,2,0,0,0,1,0,0,0,0,0
842,2023-01,1,0,0,0,0,0,0,0,1,0
842,2023-02,1,0,0,1,0,0,0,0,0,0
842,2023-03,2,0,0,0,0,0,0,0,0,0
842,2023-06,1,0,0,0,0,0,0,0,0,0
842,2023-08,2,0,0,1,0,0,0,0,0,1
842,2023-09,2,0,0,0,0,0,0,0,0,0
842,2023-10,2,0,0,0,0,0,0,0,0,1
842,2023-11,2,0,0,0,0,0,0,0,0,1
842,2024-01,6,0,0,0,0,0,0,0,0,0
842,2024-05,3,0,0,0,2,0,0,0,0,0
842,2024-06,3,0,0,0,0,0,0,0,0,0
842,2024-07,7,0,0,0,0,0,0,0,1,1
842,2024-08,1,0,0,0,0,0,0,0,0,0
842,2024-10,17,0,0,2,11,0,0,0,0,0
843,2023-09,3,0,0,0,0,0,0,0,0,0
843,2023-12,1,0,0,0,0,0,0,0,0,0
843,2024-03,1,0,0,0,0,0,0,0,0,0
843,2024-09,1,0,0,0,0,0,0,0,0,0
843,2024-10,2,0,0,0,0,0,0,0,0,1
844,2023-05,1,0,0,0,0,0,0,0,0,0
844,2023-09,1,0,0,0,0,0,0,0,0,0
847,2023-03,3,0,0,0,0,0,0,0,0,0
847,2023-09,1,0,0,0,0,0,0,0,0,0
847,2024-03,2,0,0,0,0,0,0,0,0,1
847,2024-07,1,0,0,0,0,0,0,0,0,0
854,2024-06,1,0,0,0,0,0,0,0,0,0
862,2023-09,1,0,0,0,0,0,0,0,0,0
862,2024-09,1,0,0,0,0,0,0,0,0,0
866,2022-12,1,0,0,0,0,0,0,0,0,0
866,2024-03,1,0,0,0,0,0,0,0,0,0
872,2024-06,1,0,0,0,0,0,0,0,0,0
872,2024-12,1,0,0,0,0,0,0,0,0,0
876,2024-05,1,0,0,0,0,0,0,0,0,0
876,2024-08,1,0,0,0,0,0,0,0,0,0
877,2022-12,1,0,0,0,0,0,0,0,0,0
877,2023-04,2,0,0,0,0,0,0,0,0,0
877,2023-09,1,0,0,0,0,0,0,0,0,0
877,2023-10,1,0,0,0,0,0,0,0,0,0
877,2024-06,2,0,0,0,0,0,0,0,0,0
886,2023-02,1,0,0,0,0,0,0,0,0,0
890,2023-07,2,0,0,0,1,0,0,0,0,0
890,2023-08,3,0,0,0,2,0,0,0,0,1
890,2023-10,2,0,0,0,0,0,0,0,0,0
890,2023-12,1,0,0,0,0,0,0,0,0,0
890,2024-01,4,0,0,0,0,0,0,0,0,2
890,2024-02,1,0,0,0,0,0,0,0,0,0
890,2024-05,9,0,0,0,6,0,0,0,0,0
890,2024-07,2,0,0,0,1,0,0,0,0,0
890,2024-09,5,0,0,0,0,0,0,0,0,0
892,2023-02,1,0,0,0,0,0,0,0,0,0
896,2023-12,1,0,0,0,0,0,0,0,0,0
896,2024-02,2,0,0,0,0,0,0,0,0,0
896,2024-08,2,0,0,0,2,0,0,0,0,0
901,2024-09,1,0,0,0,0,0,0,0,0,0
911,2022-12,1,1,0,0,0,0,0,0,0,0
911,2023-03,1,1,0,0,0,0,0,0,0,0
911,2023-07,1,0,0,0,0,0,0,0,0,0
911,2023-08,2,1,0,0,0,0,0,0,0,0
911,2023-10,1,1,0,0,0,0,0,0,0,0
911,2023-11,2,0,0,0,0,0,0,0,0,0
911,2023-12,1,1,0,0,0,0,0,0,0,0
911,2024-02,1,1,0,0,0,0,0,0,0,0
911,2024-04,1,1,0,0,0,0,0,0,0,0
911,2024-05,1,1,0,0,0,0,0,0,0,0
911,2024-09,1,0,0,0,0,0,0,0,0,0
911,2024-10,1,0,0,0,0,0,0,0,0,0
918,2023-01,1,0,0,0,0,0,1,0,0,0
918,2023-02,1,0,0,0,0,0,0,0,0,0
918,2023-03,2,0,0,0,0,0,0,0,0,0
918,2023-06,1,0,0,0,0,0,0,0,0,0
918,2023-07,2,0,0,0,2,0,0,0,0,0
918,2023-08,1,0,0,1,0,0,0,0,0,0
918,2023-11,40,0,2,29,0,0,0,1,0,0
918,2024-01,1,0,0,0,1,0,0,0,0,0
918,2024-03,1,0,0,0,0,0,0,0,0,0
918,2024-04,5,0,0,0,3,0,0,0,0,0
918,2024-05,2,0,0,0,0,0,0,0,0,0
918,2024-06,1,0,0,1,0,0,0,0,0,1
918,2024-07,6,2,0,0,0,0,0,0,0,5
918,2024-10,4,0,0,0,0,0,0,0,0,0
918,2024-11,3,2,0,0,0,0,0,0,0,2
920,2024-07,1,1,0,0,0,0,0,0,0,0
926,2022-12,2,0,0,0,0,0,0,0,0,0
926,2023-01,1,0,0,0,0,0,0,0,0,0
926,2023-07,1,0,0,0,0,0,0,0,0,0
926,2023-08,1,0,0,0,0,0,0,0,0,0
926,2023-11,3,0,0,0,0,0,0,0,0,0
926,2023-12,2,0,0,0,0,0,0,0,0,0
926,2024-01,3,0,0,0,0,0,0,0,0,0
991,2023-04,1,0,0,0,0,0,0,0,0,0
1005,2023-12,1,0,0,0,0,0,0,0,0,0
1007,2022-12,4,0,0,0,0,0,0,0,0,0
1007,2023-01,9,0,0,0,0,0,0,0,0,0
1007,2023-02,6,0,0,0,0,0,0,0,0,0
1007,2023-03,5,0,0,0,0,0,0,0,0,0
1007,2023-04,4,0,0,0,0,0,0,0,0,0
1007,2023-05,4,0,0,0,0,0,0,0,0,0
1007,2023-07,1,0,0,0,1,0,0,0,0,0
1007,2023-08,5,0,0,1,0,0,0,0,0,0
1007,2023-09,3,0,0,0,0,0,0,0,0,0
1007,2023-11,5,0,0,0,0,0,0,0,0,0
1007,2023-12,3,0,0,0,0,0,0,0,0,2
1007,2024-01,1,0,0,0,0,0,0,0,0,0
1007,2024-02,7,1,0,0,4,0,0,0,2,1
1007,2024-03,1,0,0,0,0,0,0,0,0,0
1007,2024-04,2,1,0,0,0,0,0,0,1,0
1007,2024-05,8,1,0,0,2,0,0,0,0,1
1007,2024-06,1,0,0,0,0,0,0,0,0,0
1007,2024-07,67,0,0,18,0,0,0,0,0,1
1007,2024-08,11,3,0,1,0,0,0,0,0,4
1007,2024-09,1,0,0,0,0,0,0,0,0,0
1007,2024-10,4,1,0,0,0,0,0,0,0,1
1007,2024-11,6,0,0,0,0,0,0,0,0,2
1018,2022-12,1,0,0,0,0,0,0,0,0,0
1041,2022-12,1,0,0,0,0,0,0,0,0,0
1041,2023-05,2,0,0,0,0,0,0,0,0,0
1041,2023-06,9,0,0,0,0,0,0,0,0,0
1041,2023-07,2,0,0,0,0,0,0,0,0,0
1041,2023-08,3,0,0,0,0,0,0,0,0,0
1041,2023-09,14,0,0,0,0,0,0,0,0,0
1041,2023-10,3,0,0,0,0,0,0,0,0,0
1041,2024-02,2,0,0,0,0,0,0,0,0,0
1041,2024-05,4,0,0,0,0,0,0,0,0,0
1041,2024-10,2,0,0,0,0,0,0,0,0,0
1041,2024-11,1,0,0,0,0,0,0,0,0,0
1054,2023-09,2,0,0,0,0,0,0,0,0,0
1054,2024-12,1,0,0,0,0,0,0,0,0,0
1063,2023-04,1,0,0,0,0,0,0,0,0,0
1063,2023-06,1,0,0,0,0,0,0,0,0,0
1063,2023-09,3,0,0,0,0,0,0,0,0,0
1063,2024-07,1,0,0,0,0,0,0,0,0,0
1063,2024-08,1,0,0,0,0,0,0,0,0,0
1063,2024-10,2,0,0,0,0,0,0,0,2,0
1071,2023-09,1,0,0,0,0,0,0,0,0,0
1071,2024-03,3,1,0,0,0,0,0,0,2,0
1107,2024-01,1,0,0,1,0,0,0,0,0,0
1107,2024-03,19,0,0,0,1,0,0,0,0,0
1107,2024-04,1,0,0,0,0,0,0,0,0,1
1107,2024-09,1,0,0,0,0,0,0,0,0,0
1134,2022-12,1,0,0,0,0,0,0,0,0,0
1134,2023-01,1,0,0,0,0,0,0,0,0,0
1134,2023-04,2,0,0,1,0,0,0,0,0,0
1134,2023-07,1,0,0,0,0,0,0,0,0,0
1134,2023-08,2,0,0,0,1,0,0,0,0,1
1134,2023-09,6,0,0,0,0,0,0,0,0,2
1134,2023-11,1,0,0,0,0,0,0,0,0,0
1134,2023-12,3,0,0,0,1,0,0,0,0,0
1134,2024-01,1,0,0,0,0,0,0,0,0,0
1134,2024-03,2,0,0,0,0,0,0,0,0,0
1134,2024-04,2,0,0,0,1,0,0,0,0,0
1134,2024-05,1,0,0,0,0,0,0,0,0,0
1134,2024-06,1,0,0,0,0,0,0,0,0,0
1134,2024-07,1,0,0,0,0,0,0,0,0,0
1134,2024-08,9,0,0,1,0,0,0,0,0,0
1134,2024-09,5,0,0,1,0,0,0,0,0,0
1134,2024-10,2,0,0,0,0,0,0,0,0,0
1134,2024-11,1,0,0,0,0,0,0,0,0,1
1134,2024-12,3,0,0,0,3,0,0,0,0,0
1135,2022-12,15,0,0,2,13,0,0,0,0,0
1135,2024-08,1,0,0,0,0,0,0,0,0,0
1136,2023-04,1,0,0,0,0,0,0,0,0,1
1136,2024-05,1,0,0,0,0,0,0,0,0,0
1136,2024-06,1,0,0,0,1,0,0,0,0,0
1136,2024-12,2,0,0,0,0,0,0,0,0,0
1139,2023-10,2,0,0,0,0,0,0,0,0,0
1141,2023-07,1,0,0,0,0,0,0,0,0,0
1141,2023-08,1,0,0,0,1,0,0,0,0,0
1161,2024-08,1,0,0,0,0,0,0,0,0,0
1176,2022-12,4,0,0,0,0,0,0,0,0,0
1176,2023-01,7,0,0,0,0,0,0,0,1,0
1176,2023-02,2,0,0,0,0,0,0,0,0,0
1176,2023-03,5,0,0,0,0,0,0,0,0,0
1176,2023-04,5,0,0,0,2,0,0,0,0,0
1176,2023-05,14,1,0,0,1,0,0,0,0,2
1176,2023-06,6,0,0,1,1,0,0,0,1,0
1176,2023-07,3,0,0,0,0,0,0,0,0,1
1176,2023-08,3,0,0,0,0,0,0,0,0,0
1176,2023-09,6,0,0,0,0,0,0,0,0,1
1176,2023-10,6,0,0,0,0,0,0,0,0,0
1176,2023-11,6,0,0,0,0,0,0,0,0,0
1176,2023-12,4,0,0,0,0,0,0,0,0,2
1176,2024-01,9,0,0,0,0,0,0,0,1,0
1176,2024-02,10,0,0,0,0,0,0,0,0,0
1176,2024-03,5,0,0,0,1,0,0,0,0,1
1176,2024-04,3,0,0,0,0,0,0,0,0,1
1176,2024-05,3,0,0,0,0,0,0,0,0,0
1176,2024-06,2,0,0,0,0,0,0,0,0,0
1176,2024-07,3,0,0,0,0,0,0,0,0,0
1176,2024-08,6,0,0,0,0,0,0,0,0,1
1176,2024-09,1,0,0,0,0,0,0,0,0,0
1176,2024-10,2,0,0,0,0,0,0,0,0,0
1176,2024-11,3,0,0,0,0,0,0,0,0,0
1176,2024-12,1,0,0,0,0,0,0,0,0,0
1184,2023-01,1,0,0,0,0,0,0,0,0,0
1184,2023-02,2,0,0,0,0,0,0,0,0,1
1184,2023-03,3,0,0,0,0,0,0,0,0,2
1184,2023-05,1,0,0,0,0,0,0,0,0,0
1184,2023-06,1,0,0,0,0,0,0,0,0,1
1184,2023-07,2,0,0,0,0,0,0,0,0,2
1184,2023-08,1,0,0,0,0,0,0,0,0,0
1184,2023-09,1,0,0,0,0,0,0,0,0,0
1184,2023-10,1,0,0,0,0,0,0,0,0,0
1184,2023-11,1,0,0,0,0,0,0,0,0,0
1184,2023-12,2,0,0,0,0,0,0,0,0,2
1184,2024-01,1,0,0,0,0,0,0,0,0,1
1184,2024-03,1,0,0,0,0,0,0,0,0,1
1184,2024-04,2,0,0,0,0,0,0,0,0,2
1184,2024-06,2,0,0,0,0,0,0,0,0,1
1184,2024-08,1,0,0,0,0,0,0,0,0,1
1184,2024-09,2,0,0,0,0,0,0,0,0,2
1184,2024-12,1,0,0,0,0,0,0,0,0,0
1189,2022-12,2,0,0,2,0,0,0,0,0,0
1190,2023-10,2,0,0,0,0,0,0,0,0,0
1198,2023-03,2,0,0,0,0,0,0,0,2,0
1198,2023-04,2,0,0,0,0,0,0,0,2,0
1198,2023-05,10,8,0,2,0,0,0,0,2,1
1198,2023-06,15,12,0,0,1,0,0,0,0,5
1198,2023-07,1,0,0,0,0,0,0,0,0,0
1198,2023-08,18,2,0,2,0,0,1,0,2,2
1198,2023-09,3,0,0,0,0,0,0,0,2,0
1198,2023-11,6,0,0,1,0,0,1,0,2,0
1198,2023-12,4,0,0,0,0,0,0,0,2,1
1198,2024-01,3,1,0,0,0,0,0,0,1,0
1198,2024-02,1,0,0,0,0,0,1,0,1,0
1198,2024-03,2,1,0,0,0,0,1,0,1,0
1198,2024-04,2,1,0,0,0,0,0,0,1,1
1198,2024-05,1,0,0,0,0,0,0,0,0,1
1198,2024-06,2,0,0,0,0,0,0,0,0,0
1198,2024-08,6,2,0,0,0,0,0,0,2,1
1198,2024-09,1,0,0,0,0,0,0,0,0,0
1198,2024-10,1,0,0,0,0,0,0,0,1,0
1198,2024-11,7,4,0,0,2,0,0,0,3,0
1198,2024-12,2,0,0,0,0,0,0,0,0,1
1205,2024-07,1,0,0,0,0,0,0,0,0,0
1209,2024-12,1,0,0,0,0,0,0,0,0,0
1211,2024-04,1,0,0,1,0,0,0,0,0,0
1211,2024-11,2,1,0,1,0,0,0,0,0,0
1212,2024-05,1,0,0,1,0,0,0,0,0,0
1219,2024-12,1,0,0,0,0,0,0,0,0,0
1224,2022-12,32,0,0,0,24,0,0,0,0,0
1224,2023-03,3,0,0,0,2,0,0,0,0,0
1224,2023-04,1,0,0,0,1,0,0,0,0,0
1224,2023-05,1,0,0,0,0,0,0,0,0,0
1224,2023-08,3,0,0,0,3,0,0,0,0,0
1224,2023-09,1,0,0,0,0,0,0,0,0,1
1224,2023-10,1,0,0,0,1,0,0,0,0,0
1224,2023-11,2,0,0,0,0,0,0,0,0,0
1224,2024-05,1,0,0,0,0,0,0,0,0,0
1224,2024-06,32,0,0,1,0,0,0,0,0,0
1224,2024-07,1,0,0,0,0,0,0,0,0,0
1224,2024-09,1,0,0,0,0,0,0,0,0,0
1225,2023-07,1,0,0,0,0,0,0,0,0,0
1226,2024-08,8,0,0,3,0,0,0,0,0,0
1226,2024-11,1,0,0,0,0,0,0,0,0,0
1231,2024-01,1,0,0,1,0,0,0,0,0,0
1233,2023-01,1,0,0,0,0,0,0,0,0,0
1233,2023-06,1,0,0,0,0,0,0,0,0,0
1233,2023-09,2,0,0,0,0,0,0,0,0,0
1233,2023-10,1,0,0,1,1,0,0,0,1,0
1233,2023-11,5,0,2,3,0,0,0,0,0,0
1233,2023-12,1,0,0,0,0,0,0,0,0,1
1233,2024-01,1,0,0,0,0,0,0,0,0,0
1233,2024-02,1,0,0,0,1,0,0,0,0,1
1233,2024-03,1,0,0,0,0,0,0,0,0,0
1233,2024-04,1,0,0,0,0,0,0,0,0,0
1233,2024-05,1,0,0,0,0,0,0,0,0,1
1233,2024-06,1,0,0,0,0,0,0,0,0,1
1233,2024-08,1,0,0,0,0,0,0,0,0,1
1236,2023-10,2,0,0,0,2,0,0,0,0,0
1261,2024-08,1,1,0,0,0,0,0,0,0,0
1292,2023-06,2,0,0,0,0,0,0,0,0,0
1292,2024-06,1,0,0,0,0,0,0,0,0,0
1303,2023-03,1,0,0,0,0,0,0,0,0,0
1303,2023-06,1,0,0,0,0,0,0,0,0,0
1303,2023-07,1,0,0,0,0,0,0,0,0,0
1303,2023-12,1,0,0,0,0,0,0,0,0,0
1303,2024-03,1,0,0,0,1,0,0,0,0,0
1303,2024-06,1,0,0,0,0,0,0,0,0,0
1303,2024-09,1,0,0,0,0,0,0,0,0,1
1303,2024-12,1,0,0,0,0,0,0,0,0,0
1306,2024-06,1,0,0,0,0,0,0,1,0,0
1333,2023-04,3,0,1,1,3,0,0,0,0,0
1333,2023-05,5,0,0,1,4,0,0,0,0,0
1333,2023-06,1,0,0,0,1,0,0,0,0,0
1333,2023-08,1,0,0,0,0,0,0,0,0,0
1333,2024-01,1,0,0,0,0,0,0,0,0,0
1333,2024-04,96,0,22,6,0,22,0,0,0,5
1333,2024-05,7,0,0,0,0,0,0,0,0,0
1333,2024-06,1,0,1,0,0,1,0,0,0,0
1333,2024-11,3,0,0,3,0,0,0,0,0,1
1336,2024-04,2,0,1,2,0,1,0,0,0,0
1339,2024-04,3,0,0,3,0,0,0,0,0,0
1342,2023-04,1,0,1,1,1,0,0,0,0,0
1342,2024-04,1,0,0,0,0,0,0,0,0,0
1395,2023-04,1,0,0,0,0,0,0,0,1,0
1395,2024-05,1,0,0,0,0,0,0,0,0,0
1396,2023-08,1,0,0,0,0,0,0,0,0,0
1396,2023-09,2,0,0,1,0,0,0,0,0,0
1396,2024-01,1,0,0,0,0,0,0,0,0,0
1396,2024-05,1,0,0,0,0,0,0,0,0,0
1396,2024-06,1,0,0,1,0,0,0,0,0,0
1397,2023-04,1,0,0,0,0,0,0,0,0,0
1397,2023-05,1,0,0,0,0,0,0,0,0,0
1398,2023-12,1,0,0,0,0,0,0,0,1,0
1399,2024-03,2,1,0,0,0,0,0,0,0,1
1408,2023-04,1,0,0,0,0,0,0,0,0,0
1410,2023-04,1,0,0,0,0,0,0,0,0,0
1410,2023-06,3,0,0,0,0,0,0,0,0,1
1410,2023-09,1,0,1,1,0,0,0,0,0,0
1410,2023-10,1,0,0,0,0,0,0,0,0,0
1410,2023-11,1,0,0,0,0,0,0,0,0,0
1410,2023-12,1,0,0,0,0,0,0,0,0,0
1410,2024-01,5,0,0,3,0,0,0,0,0,0
1410,2024-02,1,0,0,0,1,0,0,0,1,0
1410,2024-04,4,3,0,2,0,0,0,0,0,0
1410,2024-06,6,5,0,0,0,0,0,0,2,0
1410,2024-08,10,6,1,1,0,0,0,0,0,0
1410,2024-09,1,1,0,0,0,0,0,0,0,0
1410,2024-10,2,1,0,0,0,0,0,0,0,0
1411,2022-12,1,0,0,0,1,0,0,0,0,0
1411,2023-12,1,0,0,0,0,0,0,0,0,0
1413,2024-06,2,0,0,0,0,0,0,0,0,0
1413,2024-08,1,0,0,0,0,0,0,0,0,0
1430,2023-02,1,0,0,0,0,0,0,0,0,0
1430,2023-03,2,0,1,1,0,0,0,0,0,0
1430,2023-06,2,0,0,0,0,0,0,0,0,0
1430,2023-07,2,0,0,0,0,0,0,0,0,0
1430,2023-08,1,0,0,0,0,0,0,0,0,0
1430,2023-09,3,0,0,0,0,0,0,0,0,2
1430,2023-10,3,0,0,0,0,0,0,0,0,0
1430,2023-12,2,1,0,0,0,0,0,0,0,0
1430,2024-03,2,0,0,0,0,0,0,0,0,0
1430,2024-06,3,2,0,0,0,0,0,0,0,0
1430,2024-07,5,0,0,0,0,0,0,0,0,1
1430,2024-11,2,0,0,0,1,0,0,0,0,0
1430,2024-12,2,0,0,0,0,0,0,0,0,1
1439,2022-12,10,0,0,1,10,0,0,0,0,0
1439,2023-02,1,0,0,0,0,0,0,0,0,0
1439,2023-03,1,0,0,0,0,0,0,0,0,0
1439,2023-04,4,0,0,0,0,0,0,0,0,0
1439,2023-09,50,0,0,41,1,0,0,1,0,0
1439,2023-10,2,0,0,0,0,0,0,0,0,0
1439,2024-03,1,0,0,0,0,0,0,0,0,0
1439,2024-05,2,2,0,0,0,0,0,0,0,0
1439,2024-06,9,0,0,0,7,0,0,0,0,0
1445,2022-12,2,0,0,1,1,0,0,1,0,0
1445,2023-01,1,0,0,0,0,0,0,0,0,0
1445,2023-02,2,0,0,0,0,0,0,0,0,0
1445,2023-03,1,0,0,0,0,0,0,0,0,0
1445,2023-04,1,1,0,0,0,0,0,0,0,1
1445,2023-05,6,2,0,0,0,0,0,1,0,3
1445,2023-07,8,0,0,0,0,0,0,0,0,1
1445,2023-08,6,0,0,0,1,0,0,0,0,1
1445,2023-09,1,0,0,0,0,0,0,0,0,0
1445,2023-11,1,0,0,1,0,0,0,0,0,0
1445,2024-01,2,0,0,0,0,0,0,0,0,2
1445,2024-02,1,0,0,0,0,0,0,0,0,0
1445,2024-03,8,3,0,0,0,0,0,0,0,4
1445,2024-04,2,0,0,0,0,0,0,0,0,0
1445,2024-05,1,0,0,0,0,0,0,0,0,0
1445,2024-06,2,0,0,0,0,0,0,0,0,0
1445,2024-07,3,0,0,0,0,0,0,0,0,0
1445,2024-08,1,0,0,0,0,0,0,0,0,1
1445,2024-09,5,1,0,0,0,0,0,0,0,3
1445,2024-10,1,0,0,0,0,0,0,0,0,0
1445,2024-11,5,3,0,0,0,0,0,0,0,2
1445,2024-12,1,0,0,0,0,0,0,0,0,0
1446,2024-08,1,0,0,0,0,0,0,0,0,0
1446,2024-11,1,0,0,0,0,0,0,0,0,0
1447,2023-05,1,0,0,0,0,0,0,0,0,0
1447,2023-11,1,0,0,0,0,0,0,0,0,0
1447,2024-06,1,0,0,0,0,0,0,0,0,0
1449,2023-06,1,0,0,0,0,0,0,0,0,0
1449,2023-09,1,0,0,0,0,0,0,0,0,0
1449,2023-10,1,0,0,0,0,0,0,0,0,0
1449,2023-11,1,0,0,0,0,0,0,0,0,0
1449,2024-06,1,0,0,0,0,0,0,0,0,0
1449,2024-07,3,0,0,0,0,0,0,0,0,0
1449,2024-11,1,0,0,0,0,0,0,0,0,0
1453,2023-05,3,1,0,0,0,0,0,0,0,0
1453,2023-06,1,1,0,0,0,0,0,0,0,0
1453,2023-08,2,1,0,0,0,0,0,0,0,0
1453,2023-09,1,1,0,0,0,0,0,0,0,0
1453,2023-10,2,1,0,0,0,0,0,0,0,0
1453,2024-05,3,0,0,0,3,0,0,0,0,0
1453,2024-06,1,0,0,0,0,0,0,0,0,1
1453,2024-08,1,0,0,0,0,0,0,0,0,0
1453,2024-09,1,0,0,0,1,0,0,0,0,0
1456,2023-04,1,0,0,0,0,0,0,0,0,0
1456,2023-06,1,0,0,0,1,0,0,0,0,0
1456,2023-08,4,0,0,0,0,0,0,0,0,0
1456,2023-09,1,0,0,0,0,0,0,0,0,0
1456,2023-12,1,0,0,0,0,0,0,0,0,0
1456,2024-05,2,0,0,0,0,0,0,0,0,0
1456,2024-06,1,0,0,0,0,0,0,0,0,0
1457,2023-10,1,0,0,0,0,0,0,0,0,0
1457,2023-11,1,0,0,0,0,0,0,0,0,0
1457,2024-08,1,0,0,0,0,0,0,0,0,0
1459,2022-12,2,0,0,0,0,0,0,0,0,0
1459,2023-01,3,0,0,0,2,0,0,0,0,0
1459,2023-03,1,0,0,0,0,0,0,0,0,0
1459,2023-06,1,0,0,0,0,0,0,0,0,0
1459,2023-08,3,0,0,1,0,0,0,0,0,0
1459,2023-09,1,0,0,0,0,0,0,0,0,0
1459,2023-10,1,0,0,0,0,0,0,0,0,0
1459,2024-03,18,1,0,0,0,0,0,0,0,0
1459,2024-05,1,0,0,0,0,0,0,0,0,0
1459,2024-06,1,0,0,0,0,0,0,0,0,0
1459,2024-08,1,0,0,0,0,0,0,0,0,0
1459,2024-09,2,0,0,0,0,0,0,0,0,0
1459,2024-12,2,0,0,0,0,0,0,0,0,0
1461,2022-12,1,0,0,0,0,0,0,0,0,0
1461,2023-02,1,0,0,0,1,0,0,0,0,0
1461,2023-04,2,0,0,0,0,0,0,0,0,0
1461,2023-05,1,0,0,0,0,0,0,0,0,0
1461,2024-02,2,0,0,1,0,0,0,0,0,0
1461,2024-04,2,0,0,0,0,0,0,0,0,0
1461,2024-08,2,0,0,0,1,0,0,0,0,0
1461,2024-09,1,0,0,0,0,0,0,0,0,0
1461,2024-10,1,0,0,0,0,0,0,0,0,0
1463,2023-09,1,0,0,0,0,0,0,0,0,0
1463,2024-08,1,0,0,0,0,0,0,0,0,0
1464,2024-06,1,0,0,0,0,0,0,0,0,0
1465,2023-04,2,0,0,0,0,0,0,0,0,0
1465,2023-08,3,1,0,0,2,0,0,0,0,0
1465,2023-09,2,0,0,0,1,0,0,0,1,0
1465,2024-03,1,0,0,0,0,0,0,0,0,0
1465,2024-06,1,0,0,1,0,0,0,0,0,0
1465,2024-08,4,0,0,0,3,0,0,0,3,0
1465,2024-10,1,0,0,0,0,0,0,0,0,0
1467,2022-12,1,0,0,0,0,0,0,0,0,0
1467,2023-01,1,0,0,0,0,0,0,0,0,0
1467,2023-03,1,0,0,0,0,0,0,0,0,0
1467,2023-08,2,0,0,0,0,0,0,0,0,0
1467,2023-09,1,0,0,0,0,0,0,0,0,0
1467,2024-07,2,0,0,0,0,0,0,0,0,0
1467,2024-11,2,0,0,0,0,0,0,0,0,0
1468,2023-04,1,0,0,1,0,0,0,0,0,0
1468,2023-07,1,0,0,0,0,0,0,0,0,0
1468,2023-12,1,0,0,0,0,0,0,0,0,0
1472,2023-03,1,0,0,0,0,0,0,0,0,0
1472,2023-04,1,1,0,0,0,0,0,0,0,0
1472,2023-08,4,1,0,0,3,0,0,0,0,0
1472,2023-11,2,1,0,1,0,0,0,0,0,1
1472,2024-01,17,0,2,5,0,0,0,0,0,0
1472,2024-02,1,0,0,0,0,0,0,0,0,0
1472,2024-05,1,1,0,0,0,0,0,0,0,0
1472,2024-07,1,0,0,0,0,0,0,0,0,0
1472,2024-08,2,2,0,0,0,0,0,0,0,0
1472,2024-09,7,0,0,1,3,0,0,0,0,0
1472,2024-11,7,0,0,0,5,0,0,0,0,0
1472,2024-12,1,0,0,0,0,0,0,0,0,0
1473,2023-12,2,0,0,0,0,0,0,0,0,0
1475,2024-09,2,0,0,0,0,0,0,0,0,0
1477,2023-08,2,1,0,0,0,0,0,0,0,0
1477,2023-10,1,0,0,0,0,0,0,0,0,0
1480,2023-03,1,0,0,0,0,0,0,0,0,0
1480,2023-06,2,0,0,0,0,0,0,0,0,0
1480,2023-10,1,0,0,0,0,0,0,0,0,0
1480,2024-02,1,0,0,0,0,0,0,0,0,0
1480,2024-05,1,0,0,0,0,0,0,0,0,0
1480,2024-07,1,1,0,0,0,0,0,0,0,0
1480,2024-11,1,0,0,0,0,0,0,0,0,0
1481,2024-06,30,0,0,0,23,0,0,0,0,0
1483,2023-03,1,0,0,0,0,0,0,0,0,0
1483,2023-08,1,0,0,0,0,0,0,0,0,0
1483,2024-03,2,0,0,0,0,0,0,0,1,0
1483,2024-07,1,0,0,0,0,0,0,0,0,0
1484,2022-12,1,0,0,0,0,0,0,0,0,0
1484,2023-04,2,0,0,0,0,0,0,0,0,0
1484,2023-09,1,0,0,0,0,0,0,0,0,0
1484,2024-04,1,0,0,0,0,0,0,0,0,0
1484,2024-09,1,0,0,0,0,0,0,0,0,0
1488,2024-02,2,0,0,0,0,0,0,0,0,0
1489,2023-05,3,0,0,0,2,0,0,0,0,0
1489,2023-10,1,0,0,0,0,0,0,0,0,0
1490,2023-03,1,0,0,0,0,0,0,0,0,0
1490,2023-08,1,0,0,0,0,0,0,0,0,0
1490,2023-09,1,0,0,0,0,0,0,0,0,0
1490,2024-12,1,0,0,0,0,0,0,0,0,0
1492,2024-04,1,0,0,0,0,0,0,0,0,0
1492,2024-07,1,0,0,0,0,0,0,0,0,0
1492,2024-08,2,0,0,0,0,0,0,0,0,0
1492,2024-12,1,0,0,0,0,0,0,0,0,0
1493,2022-12,1,0,0,0,0,0,0,0,0,0
1495,2023-04,1,0,0,0,0,0,0,0,0,0
1495,2023-07,2,0,0,0,0,0,0,0,0,0
1495,2023-11,1,1,0,0,0,0,0,0,0,0
1495,2024-06,1,0,0,0,0,0,0,0,0,0
1496,2023-03,1,0,0,0,0,0,0,0,0,0
1496,2023-04,1,1,0,0,0,0,0,0,0,0
1496,2023-06,1,0,0,0,0,0,0,0,0,0
1496,2023-08,2,0,0,0,2,0,0,0,0,0
1496,2024-05,1,0,0,0,0,0,0,0,1,0
1496,2024-08,1,0,0,0,0,0,0,0,0,0
1496,2024-10,5,0,0,0,3,0,0,0,0,0
1501,2023-08,1,0,1,1,0,0,0,0,0,0
1501,2024-08,1,0,0,0,0,0,0,0,0,0
1506,2023-01,3,0,0,0,1,0,0,0,0,0
1506,2023-02,7,0,0,0,0,0,0,0,0,0
1506,2023-03,3,0,0,0,0,0,0,0,0,1
1506,2023-04,3,0,0,0,0,0,0,0,0,0
1506,2023-06,1,0,0,0,0,0,0,0,0,0
1506,2023-07,2,0,0,0,0,0,0,0,1,0
1506,2023-08,1,0,0,0,0,0,0,0,0,0
1506,2023-09,2,0,0,0,0,0,0,0,0,0
1506,2023-10,6,0,0,0,0,0,0,0,2,0
1506,2023-11,2,0,0,0,0,0,0,0,0,1
1506,2023-12,2,0,0,0,1,0,0,0,0,0
1506,2024-01,2,0,0,0,0,0,0,0,0,0
1506,2024-02,4,0,0,0,2,0,0,0,2,0
1506,2024-03,3,0,0,0,0,0,0,0,0,0
1506,2024-04,5,0,0,0,0,0,0,0,0,0
1506,2024-05,1,0,0,0,0,0,0,0,0,0
1506,2024-06,1,0,0,0,0,0,0,0,0,0
1506,2024-08,6,0,0,0,0,0,0,0,0,1
1506,2024-09,3,0,0,0,0,0,0,0,0,3
1506,2024-10,1,0,0,0,0,0,0,0,0,0
1506,2024-12,15,0,0,1,0,0,0,0,0,0
1507,2024-01,1,0,0,0,0,0,0,0,0,0
1507,2024-04,1,0,0,0,0,0,0,0,0,0
1507,2024-08,1,0,0,0,0,0,0,0,0,1
1507,2024-09,2,0,0,0,0,0,0,0,0,2
1509,2023-04,2,0,0,0,0,0,0,0,0,0
1509,2024-07,1,0,0,0,0,0,0,0,0,0
1512,2023-01,1,0,0,0,0,0,0,0,0,0
1518,2023-12,2,0,0,0,0,0,0,0,0,0
1518,2024-09,1,0,0,0,0,0,0,0,0,0
1519,2023-01,1,0,0,0,0,0,0,0,0,0
1519,2024-07,1,0,1,0,0,1,0,0,0,0
1527,2023-04,2,0,0,0,2,0,0,0,0,0
1527,2023-07,3,0,0,0,2,0,0,0,2,0
1527,2023-09,1,0,0,0,0,0,0,0,1,0
1527,2024-03,2,2,0,0,0,0,0,0,1,0
1527,2024-11,1,0,0,0,0,0,0,0,0,0
1527,2024-12,3,0,0,0,0,0,0,0,0,0
1536,2024-03,1,0,0,0,0,0,0,0,0,0
1555,2024-09,1,0,0,0,0,0,0,0,0,0
1560,2024-03,1,1,0,0,1,0,0,0,0,0
1578,2023-10,7,0,0,0,0,0,0,0,0,0
1578,2024-03,1,0,0,0,0,0,0,0,0,0
1578,2024-10,2,0,0,0,0,0,0,0,0,0
1578,2024-11,5,0,0,0,0,0,0,0,0,0
1597,2022-12,2,0,0,1,0,0,0,0,0,0
1597,2023-01,1,0,0,0,1,0,0,0,0,0
1597,2023-02,73,0,0,57,0,0,0,0,0,0
1597,2023-03,2,0,0,0,0,0,0,0,0,1
1597,2023-04,7,0,0,0,0,0,0,0,0,0
1597,2023-05,4,0,0,0,0,0,0,0,0,1
1597,2023-06,4,0,0,0,4,0,0,0,0,0
1597,2023-07,3,0,0,0,0,0,0,0,0,0
1597,2023-09,8,0,0,0,0,0,0,0,1,0
1597,2023-10,3,0,0,0,0,0,0,0,0,0
1597,2023-12,8,0,0,0,0,0,0,0,0,1
1597,2024-01,5,0,0,4,0,0,0,0,0,1
1597,2024-02,1,0,0,0,0,0,0,0,0,0
1597,2024-03,2,0,0,0,0,0,0,0,0,0
1597,2024-04,4,0,0,0,0,0,0,0,0,0
1597,2024-05,1,0,0,0,0,0,0,0,0,0
1597,2024-06,2,0,0,0,1,0,0,0,1,0
1597,2024-07,2,0,0,0,0,0,0,0,0,2
1597,2024-08,1,0,0,0,0,0,0,0,0,0
1597,2024-09,1,0,0,0,0,0,0,0,0,1
1597,2024-10,1,0,0,0,0,0,0,0,0,0
1597,2024-11,4,0,0,0,0,0,0,0,0,0
1597,2024-12,7,0,0,1,1,0,0,0,0,0
1598,2023-02,1,0,0,0,0,0,0,0,1,0
1598,2023-05,1,0,0,0,0,0,0,0,1,0
1599,2022-12,1,0,0,1,0,0,0,0,0,0
1601,2023-02,1,0,0,0,0,0,0,0,0,0
1601,2024-04,1,0,0,0,0,0,0,0,0,1
1601,2024-06,1,0,0,0,0,0,0,0,0,1
1615,2023-06,1,0,0,1,0,0,0,0,0,0
1628,2024-07,1,0,0,0,0,0,0,0,0,0
1632,2023-02,1,0,0,0,0,0,0,0,1,0
1632,2023-03,2,0,0,0,1,0,0,0,0,0
1632,2023-04,1,0,0,0,1,0,0,0,0,0
1632,2023-05,1,0,0,0,0,0,0,0,0,0
1632,2023-07,5,0,1,0,4,1,0,0,0,0
1632,2023-09,3,0,0,0,0,0,0,0,0,0
1632,2023-10,1,0,0,0,0,0,0,0,0,0
1632,2023-12,1,0,0,0,0,0,0,0,0,0
1632,2024-01,1,0,0,0,0,0,0,0,0,0
1632,2024-03,1,0,0,1,0,0,0,0,0,1
1632,2024-04,4,0,0,0,2,0,0,0,1,0
1632,2024-05,1,0,0,0,0,0,0,0,0,0
1632,2024-06,1,0,0,0,0,0,0,0,0,1
1632,2024-07,2,0,0,0,0,0,0,0,0,0
1632,2024-08,11,0,0,0,11,0,0,0,11,0
1632,2024-09,3,0,0,1,2,0,0,0,1,0
1632,2024-10,1,0,0,0,0,0,0,0,1,0
1632,2024-11,1,0,0,0,0,0,0,0,0,0
1632,2024-12,2,0,0,0,0,0,0,0,0,2
1644,2023-07,1,0,0,0,0,0,0,0,0,0
1662,2024-05,11,0,5,3,0,5,0,0,0,0
1665,2023-03,6,0,0,0,0,0,0,0,0,0
1665,2023-04,8,0,0,0,0,0,0,0,0,0
1665,2023-05,20,0,0,11,0,0,0,0,2,0
1665,2023-06,1,0,0,0,0,0,0,0,0,0
1665,2023-07,3,0,0,0,0,0,0,0,0,0
1665,2023-08,6,0,0,0,0,0,0,0,0,0
1665,2023-09,2,0,0,0,0,0,0,0,0,0
1665,2023-10,1,0,0,0,0,0,0,0,0,0
1665,2023-11,3,0,0,0,0,0,0,0,0,0
1665,2023-12,1,0,0,0,0,0,0,0,0,0
1665,2024-01,5,0,0,4,0,0,0,0,0,0
1665,2024-02,1,0,0,0,0,0,0,0,0,0
1665,2024-03,2,0,0,0,0,0,0,0,0,0
1665,2024-04,90,1,35,5,0,35,0,0,0,1
1665,2024-05,4,1,2,0,0,2,0,0,0,0
1665,2024-06,2,0,0,0,0,0,0,0,0,1
1665,2024-07,1,0,0,0,0,0,0,0,0,0
1665,2024-08,5,0,0,0,0,0,0,0,0,1
1665,2024-09,3,0,0,0,0,0,0,0,0,1
1665,2024-10,3,0,0,0,0,0,0,0,0,0
1665,2024-11,1,0,0,0,0,0,0,0,0,0
1668,2024-04,1,0,1,0,0,1,0,0,0,0
1670,2024-04,5,0,1,0,0,1,0,0,0,0
1672,2024-04,4,0,2,0,0,2,0,0,0,0
1673,2023-05,1,0,0,0,0,0,0,0,0,0
1673,2023-07,4,0,0,0,0,0,0,0,0,0
1673,2024-04,167,0,108,21,0,108,1,4,0,1
1673,2024-05,3,0,2,0,0,2,0,1,0,0
1673,2024-06,1,0,0,0,0,0,0,0,0,0
1673,2024-07,3,0,1,0,0,1,0,0,0,0
1673,2024-08,2,0,1,0,0,1,1,0,0,1
1673,2024-09,1,0,1,0,0,1,0,0,0,0
1687,2024-04,4,0,2,0,0,2,0,0,0,0
1699,2024-04,7,0,1,0,0,1,0,0,0,0
1707,2023-03,1,0,0,1,0,0,0,0,0,0
1707,2023-05,1,0,0,1,0,0,0,0,0,0
1707,2023-08,2,1,0,0,0,0,0,0,0,1
1707,2023-09,3,2,0,0,0,0,0,0,0,0
1707,2023-12,1,0,0,0,0,0,0,0,0,0
1707,2024-01,11,8,0,0,0,0,0,0,0,0
1707,2024-03,10,7,0,1,4,0,0,0,0,0
1707,2024-04,3,0,0,0,0,0,0,0,0,0
1707,2024-07,1,1,0,0,0,0,0,0,0,0
1707,2024-08,4,4,0,0,1,0,0,0,0,0
1707,2024-12,2,2,0,0,1,0,0,0,0,0
1713,2023-05,1,0,0,0,0,0,0,0,0,0
1728,2023-02,1,0,0,0,0,0,0,0,0,0
1728,2023-07,1,0,0,0,0,0,0,0,0,0
1740,2024-08,1,1,0,0,0,0,0,0,0,0
1745,2023-03,1,0,0,0,0,0,0,0,0,0
1764,2022-12,1,0,0,0,0,0,0,0,0,0
1764,2023-02,1,0,0,0,0,0,0,0,0,0
1764,2023-04,1,0,0,0,0,0,0,0,0,0
1764,2023-06,1,0,0,0,0,0,0,0,0,0
1764,2023-08,20,13,0,3,4,0,0,0,0,13
1764,2023-09,2,1,0,0,0,0,0,0,0,1
1764,2023-10,1,0,0,0,0,0,0,0,0,0
1764,2023-12,1,0,0,0,0,0,0,0,0,0
1764,2024-01,1,0,0,0,0,0,0,0,0,0
1764,2024-02,3,0,0,2,0,0,0,0,0,0
1764,2024-07,1,0,0,0,0,0,0,0,0,0
1764,2024-11,1,0,0,0,0,0,0,0,0,1
1778,2023-03,2,0,0,0,0,0,0,0,0,0
1778,2023-08,1,0,0,0,0,0,0,0,0,0
1778,2023-10,2,0,0,0,0,0,0,0,0,0
1778,2023-12,1,1,0,0,0,0,0,0,0,0
1845,2022-12,11,2,0,9,0,0,0,0,0,0
1845,2023-01,1,0,0,0,0,0,0,0,0,0
1845,2023-03,1,0,0,0,0,0,0,0,0,0
1845,2023-08,3,0,0,2,0,0,0,0,0,0
1845,2023-09,1,1,0,0,0,0,0,0,0,0
1845,2023-11,4,0,0,1,0,0,0,0,0,0
1845,2024-03,3,3,0,0,1,0,0,0,0,0
1845,2024-04,1,0,0,0,0,0,0,0,0,0
1845,2024-06,1,0,0,0,1,0,0,0,0,0
1845,2024-07,1,0,0,0,1,0,0,0,0,0
1845,2024-12,2,0,0,0,0,0,0,0,0,0
1851,2023-10,1,0,0,1,0,0,0,0,0,0
1851,2024-05,1,0,0,0,0,0,0,0,0,0
1851,2024-07,1,0,0,0,0,0,0,0,0,0
1856,2024-02,1,0,0,0,0,0,0,0,0,0
1874,2023-02,2,0,0,1,0,0,0,0,0,0
1874,2023-03,5,0,0,1,4,0,0,0,0,1
1874,2023-05,1,0,0,0,0,0,0,0,0,0
1874,2023-06,4,0,0,0,0,0,0,0,0,0
1874,2023-07,2,0,0,1,0,0,0,0,1,0
1874,2023-08,3,1,0,0,0,0,0,0,1,0
1874,2023-10,1,0,0,0,0,0,0,0,0,1
1874,2023-11,2,0,0,0,0,0,0,0,0,0
1874,2023-12,1,0,0,0,0,0,0,0,0,0
1874,2024-01,4,0,0,1,3,0,0,0,0,0
1874,2024-02,2,0,0,0,0,0,0,0,0,0
1874,2024-03,12,2,0,0,1,0,0,0,1,7
1874,2024-04,3,0,0,0,0,0,0,0,0,0
1874,2024-07,1,0,0,0,0,0,0,0,0,0
1874,2024-09,4,0,0,0,1,0,0,0,0,2
1874,2024-11,2,0,0,1,0,0,0,0,0,0
1874,2024-12,1,0,0,0,0,0,0,0,0,0
1876,2024-04,2,0,2,0,0,2,0,0,0,0
1877,2023-04,1,0,0,0,0,0,0,0,0,0
1877,2024-03,1,1,0,0,0,0,0,0,1,0
1877,2024-09,1,0,0,0,0,0,0,0,0,0
1881,2024-06,1,0,0,0,0,0,0,0,0,0
1882,2023-03,2,0,0,0,0,0,0,0,0,0
1882,2023-04,1,1,0,0,0,0,0,0,0,0
1882,2023-05,13,0,0,0,11,0,0,0,8,0
1882,2023-06,2,0,0,0,2,0,0,0,0,0
1882,2023-08,3,0,0,0,0,0,0,0,1,0
1882,2023-11,1,0,0,0,0,0,0,0,0,0
1882,2023-12,3,1,0,0,1,0,1,0,1,0
1882,2024-01,1,0,0,0,0,0,0,0,0,0
1882,2024-02,10,0,0,0,9,0,0,0,0,0
1882,2024-04,1,0,0,0,1,0,0,0,0,0
1882,2024-05,3,0,0,0,0,0,0,0,0,0
1882,2024-06,1,0,0,0,0,0,0,0,0,0
1882,2024-07,2,0,0,0,0,0,0,0,1,0
1882,2024-08,1,0,0,0,0,0,0,0,0,0
1882,2024-09,3,0,0,0,2,0,0,0,0,0
1882,2024-10,1,0,0,0,0,0,0,0,0,0
1883,2023-02,1,0,0,1,0,0,0,0,0,0
1903,2023-07,2,0,0,2,0,0,0,0,0,0
1903,2024-10,2,0,0,0,0,0,0,0,0,0
1919,2024-02,2,0,0,0,1,0,0,0,2,0
1920,2024-12,1,0,0,1,0,0,0,0,0,0
1928,2023-12,1,0,0,0,1,0,0,0,0,0
1929,2023-05,1,0,0,0,0,0,0,0,0,0
1929,2024-05,1,0,0,0,0,0,0,0,0,0
1939,2024-12,1,0,0,0,0,0,0,0,0,0
1943,2024-12,2,0,0,0,0,0,0,0,0,0
1948,2023-11,1,0,0,0,0,0,0,0,0,0
1948,2024-10,1,0,0,0,0,0,0,0,0,0
1949,2023-07,2,0,0,0,0,0,0,0,0,0
1957,2024-04,1,0,0,0,0,0,0,0,0,0
1957,2024-06,1,0,0,0,0,0,0,0,0,0
1957,2024-07,1,0,0,0,0,0,0,0,0,0
1958,2024-10,1,0,0,0,0,0,0,0,0,0
1960,2024-08,1,0,1,1,0,0,0,0,0,0
1964,2024-08,1,0,0,1,0,0,0,0,0,0
1971,2022-12,4,0,0,0,0,0,0,0,0,0
1971,2023-01,1,0,0,0,0,0,0,0,0,0
1971,2023-02,2,0,0,0,0,0,0,0,0,0
1971,2023-03,7,0,0,2,2,0,0,0,0,1
1971,2023-04,4,0,0,0,0,0,0,0,0,0
1971,2023-05,9,0,0,1,7,0,0,0,0,0
1971,2023-06,8,0,0,0,0,0,0,0,0,1
1971,2023-07,12,0,0,0,2,0,0,0,0,1
1971,2023-08,7,0,1,0,0,1,0,0,0,3
1971,2023-09,4,0,0,0,0,0,1,0,0,0
1971,2023-10,4,0,0,0,1,0,0,0,0,0
1971,2023-11,1,0,0,0,0,0,0,0,0,0
1971,2023-12,2,0,0,0,0,0,0,0,0,2
1971,2024-01,9,1,0,1,0,0,0,0,0,0
1971,2024-02,2,0,0,0,0,0,0,0,0,0
1971,2024-03,4,0,0,0,0,0,0,0,0,1
1971,2024-04,6,0,0,1,4,0,0,0,2,0
1971,2024-05,3,0,0,0,1,0,0,0,0,1
1971,2024-06,4,0,0,0,0,0,0,0,0,0
1971,2024-07,9,0,0,0,1,0,0,0,0,1
1971,2024-08,1,0,0,0,0,0,0,0,0,1
1971,2024-09,3,0,0,0,0,0,0,0,0,0
1971,2024-10,5,0,0,0,1,0,0,0,0,2
1971,2024-11,3,0,0,0,0,0,0,0,1,0
1971,2024-12,13,0,0,5,4,0,0,0,1,0
1974,2023-05,1,0,0,0,1,0,0,0,0,0
1983,2023-05,1,0,0,0,1,0,0,0,0,0
1990,2024-03,1,0,0,0,0,0,0,0,0,0
2004,2023-12,1,0,0,0,0,0,0,0,0,0
2004,2024-09,1,0,0,0,0,0,0,0,0,0
2007,2024-12,1,0,0,0,0,0,0,0,0,0
2010,2023-07,1,0,0,0,0,0,0,0,0,1
2031,2023-04,21,0,1,1,17,0,0,0,0,0
2031,2023-05,4,0,0,0,2,0,0,0,0,0
2033,2023-03,3,0,0,0,3,0,0,0,2,0
2044,2022-12,1,0,0,0,0,0,0,0,0,0
2044,2023-02,1,0,0,0,0,0,0,0,0,0
2044,2023-06,5,4,0,0,0,0,0,0,0,0
2044,2023-07,2,0,0,0,0,0,1,0,0,0
2044,2023-09,1,0,0,0,0,0,0,0,0,0
2044,2023-10,4,4,0,0,0,0,0,0,0,0
2044,2023-11,1,1,0,0,0,0,0,0,0,0
2044,2024-01,2,2,0,0,0,0,0,0,0,0
2044,2024-04,7,2,0,4,0,0,0,0,1,4
2044,2024-05,1,0,0,0,1,0,0,0,0,0
2044,2024-06,2,0,0,0,0,0,0,0,0,0
2044,2024-07,2,0,0,0,0,0,0,0,0,0
2045,2023-07,1,1,0,0,0,0,0,0,0,0
2047,2024-04,16,0,0,12,0,0,0,0,0,13
2048,2023-11,1,0,0,0,0,0,0,0,0,0
2073,2023-06,1,0,0,1,1,0,0,0,1,0
2073,2023-11,1,0,0,0,1,0,0,0,1,0
2074,2023-11,1,0,0,0,0,0,0,0,0,0
2075,2024-07,1,0,0,0,0,0,0,0,0,0
2081,2023-04,1,0,0,0,0,0,0,0,0,0
2095,2024-08,1,0,0,0,1,0,0,0,0,0
2101,2022-12,1,0,0,0,0,0,0,0,0,0
2101,2023-04,1,0,0,0,0,0,0,0,0,0
2101,2023-05,1,1,0,0,0,0,0,0,0,0
2101,2023-06,1,0,0,0,0,0,0,0,0,0
2101,2023-08,14,0,0,0,0,0,0,0,0,0
2101,2023-09,3,1,0,0,0,0,0,0,1,0
2101,2023-10,1,0,0,0,0,0,0,0,0,0
2101,2023-11,1,1,0,0,0,0,0,0,0,0
2101,2023-12,1,0,0,0,0,0,0,0,0,1
2101,2024-01,1,0,0,0,0,0,0,0,0,0
2101,2024-02,1,0,0,0,0,0,0,0,0,1
2101,2024-03,1,0,0,0,0,0,0,0,0,0
2101,2024-04,3,0,0,0,0,0,0,0,0,2
2101,2024-07,2,0,0,0,0,0,0,0,0,0
2101,2024-08,1,0,0,0,0,0,0,0,0,0
2101,2024-09,1,0,0,0,0,0,0,0,0,0
2101,2024-11,3,0,0,0,0,0,0,0,0,0
2101,2024-12,2,0,0,0,0,0,0,0,0,0
2108,2024-03,3,0,0,0,0,0,0,0,0,0
2108,2024-11,1,0,0,0,0,0,0,0,1,0
2120,2024-11,1,0,1,0,0,1,0,0,0,0
2121,2024-03,1,0,0,0,0,0,0,0,0,0
2121,2024-07,1,0,0,0,0,0,0,0,0,0
2124,2024-09,1,1,0,0,1,0,0,0,0,0
2140,2024-05,2,0,0,0,0,0,0,0,0,0
2142,2024-09,8,7,0,3,0,0,0,0,0,0
2144,2022-12,7,0,0,1,0,0,0,0,0,0
2144,2023-03,1,0,0,1,0,0,0,0,0,0
2144,2023-09,2,0,0,0,0,0,0,0,0,0
2144,2023-10,2,0,0,0,1,0,0,0,1,0
2144,2023-12,1,0,0,0,0,0,0,0,0,0
2144,2024-01,1,0,0,0,0,0,0,0,0,0
2144,2024-03,1,0,0,0,0,0,0,0,0,0
2144,2024-04,5,0,4,2,0,4,0,0,0,0
2144,2024-05,2,0,0,0,0,0,0,0,0,0
2144,2024-06,3,0,0,0,2,0,0,0,0,0
2144,2024-10,1,0,0,0,0,0,0,0,0,0
2144,2024-12,1,0,0,0,0,0,0,0,0,0
2155,2024-04,3,0,0,0,0,0,0,0,0,0
2163,2024-04,1,0,0,1,0,0,0,0,0,0
2164,2022-12,5,0,0,0,0,0,0,0,0,0
2164,2023-01,2,0,0,0,0,0,0,0,0,1
2164,2023-02,41,0,0,38,0,0,0,1,0,0
2164,2023-03,10,4,0,6,0,0,0,0,0,0
2164,2023-04,8,2,0,0,2,0,0,0,1,0
2164,2023-05,1,0,0,0,0,0,0,0,0,0
2164,2023-06,1,0,0,0,0,0,0,0,0,0
2164,2023-07,4,0,0,0,0,0,0,0,1,0
2164,2023-08,2,0,0,0,0,0,0,0,0,0
2164,2023-10,3,0,0,0,0,0,0,0,0,0
2164,2023-11,9,4,0,1,0,0,0,1,0,0
2164,2024-01,2,0,0,0,0,0,0,0,0,0
2164,2024-02,2,0,0,0,0,0,0,0,0,0
2164,2024-05,1,0,0,0,0,0,0,0,0,0
2164,2024-07,4,0,0,1,0,0,0,0,0,0
2164,2024-08,2,0,0,0,0,0,0,0,0,0
2164,2024-09,7,0,0,2,3,0,0,0,0,0
2164,2024-10,2,0,0,0,1,0,0,0,0,0
2169,2024-01,2,0,0,0,0,0,0,0,0,0
2169,2024-08,1,0,0,0,0,0,0,0,0,0
2179,2024-11,1,0,0,0,0,0,0,0,0,0
2180,2023-03,2,0,0,2,0,0,0,0,0,0
2181,2024-01,1,0,0,0,0,0,0,0,0,0
2181,2024-11,1,0,0,0,0,0,0,0,0,0
2187,2024-02,1,0,0,0,0,0,0,0,0,0
2190,2023-01,1,0,0,0,0,0,0,0,0,0
2190,2023-05,3,0,0,1,3,0,0,0,0,0
2190,2023-06,1,0,0,0,0,0,0,0,0,0
2190,2023-07,1,0,0,0,0,0,0,0,0,0
2190,2023-08,1,0,0,0,0,0,0,0,0,1
2190,2023-09,2,0,0,1,0,0,0,0,0,0
2190,2023-11,2,0,0,0,0,0,0,0,0,1
2190,2023-12,7,0,0,0,0,0,0,0,0,0
2190,2024-01,1,0,0,0,0,0,0,0,0,0
2190,2024-03,1,0,0,0,0,0,0,0,0,0
2190,2024-04,4,0,1,0,0,1,0,0,0,1
2190,2024-05,2,0,0,0,0,0,0,0,0,0
2190,2024-06,4,0,0,0,0,0,0,0,0,0
2190,2024-07,4,0,0,0,0,0,0,0,0,1
2190,2024-08,1,0,0,0,0,0,0,0,0,0
2190,2024-09,5,0,0,0,0,0,0,0,0,0
2190,2024-10,2,0,0,0,1,0,0,0,0,0
2190,2024-11,1,0,0,0,0,0,0,0,0,0
2192,2024-04,46,0,6,1,0,6,0,0,0,0
2192,2024-05,32,0,1,0,0,1,0,0,0,1
2192,2024-06,6,0,0,0,0,0,0,0,0,0
2193,2023-02,1,0,0,0,0,0,0,0,0,1
2193,2023-07,1,0,0,0,0,0,0,0,0,0
2193,2023-10,5,0,0,3,3,0,0,0,0,0
2193,2024-05,8,0,0,0,0,0,0,0,0,0
2193,2024-06,4,0,0,0,0,0,0,0,0,0
2193,2024-12,2,0,0,0,0,0,0,0,0,0
2194,2024-04,1,0,0,1,0,0,0,0,0,0
2194,2024-05,3,0,0,0,0,0,0,0,0,0
2195,2024-04,4,0,3,2,0,3,0,0,0,0
2195,2024-05,2,0,1,1,0,1,0,0,0,0
2199,2024-05,1,0,0,0,0,0,0,0,0,0
2200,2024-04,1,0,0,1,0,0,0,0,0,0
2200,2024-05,1,0,1,1,0,1,0,0,0,0
2203,2024-04,4,0,1,2,0,1,0,0,0,1
2203,2024-05,1,0,0,0,0,0,0,0,0,0
2211,2024-09,1,0,0,0,0,0,0,0,0,0
2212,2024-04,1,0,0,1,0,0,0,0,0,0
2212,2024-05,1,0,1,0,0,1,0,0,0,0
2216,2023-01,1,0,0,0,1,0,0,0,0,0
2216,2024-06,1,0,1,0,0,1,0,0,0,0
2216,2024-10,1,0,0,0,0,0,0,0,0,0
2220,2024-09,1,0,0,0,0,0,0,0,0,0
2220,2024-10,1,0,0,0,1,0,0,0,0,0
2221,2022-12,50,0,2,43,0,0,0,0,0,0
2221,2023-02,1,0,0,0,0,0,0,0,0,1
2221,2023-03,4,0,0,0,0,0,0,0,0,0
2221,2023-10,1,0,0,0,0,0,0,0,0,0
2221,2024-05,1,0,1,0,0,1,0,0,0,0
2221,2024-07,1,0,0,0,0,0,0,0,0,0
2221,2024-10,1,0,0,0,0,0,0,0,0,0
2221,2024-12,2,0,0,0,0,0,0,0,0,0
2222,2023-01,1,0,0,0,1,0,0,0,0,0
2226,2023-03,1,0,0,0,0,0,0,0,0,1
2226,2023-04,1,0,0,0,0,0,0,0,0,0
2226,2024-11,2,0,0,0,2,0,0,0,0,0
2228,2023-05,1,0,0,0,1,0,0,0,0,0
2232,2023-07,1,0,0,0,0,0,0,0,0,0
2232,2024-01,1,0,0,0,0,0,0,0,0,0
2236,2023-06,1,0,0,0,0,0,0,0,0,0
2238,2023-01,1,0,0,0,0,0,0,0,0,0
2238,2023-05,1,0,0,0,0,0,0,0,0,0
2238,2024-02,2,0,0,0,0,0,0,0,0,1
2238,2024-09,1,0,0,0,0,0,0,0,0,0
2243,2024-09,1,0,0,0,0,0,0,0,0,0
2245,2023-03,3,0,0,0,0,0,0,0,0,2
2245,2023-04,1,0,0,0,0,0,0,0,0,1
2245,2024-02,1,0,0,0,0,0,0,0,0,1
2251,2022-12,1,0,0,0,0,0,0,0,1,0
2251,2023-02,2,0,0,1,0,0,0,0,0,0
2251,2023-03,2,0,0,0,0,0,0,0,1,0
2251,2023-05,1,0,0,0,0,0,0,0,0,0
2251,2023-06,1,0,0,0,0,0,0,0,0,0
2251,2023-07,3,0,0,0,0,0,0,0,0,0
2251,2023-09,1,0,0,0,0,0,0,0,0,0
2251,2023-10,3,0,0,0,0,0,0,0,1,0
2251,2023-11,6,0,0,0,0,0,0,0,0,0
2251,2023-12,1,0,0,0,0,0,0,0,0,0
2251,2024-01,1,0,0,0,0,0,0,0,0,0
2251,2024-02,1,0,0,0,0,0,0,0,0,0
2251,2024-03,1,0,0,0,0,0,0,0,0,0
2251,2024-07,6,0,0,2,4,0,0,0,1,0
2251,2024-08,1,0,0,0,0,0,0,0,0,0
2251,2024-09,1,0,0,0,0,0,0,0,0,0
2251,2024-11,1,0,0,0,0,0,0,0,1,0
2251,2024-12,1,0,0,0,0,0,0,0,0,0
2252,2023-06,3,0,0,0,0,0,0,0,0,0
2252,2023-08,3,0,0,0,0,0,0,0,0,0
2252,2024-08,1,0,0,0,0,0,0,0,0,0
2260,2023-01,1,0,0,0,0,0,0,0,0,0
2262,2023-02,3,0,0,0,0,0,0,0,0,0
2262,2024-08,1,0,0,0,0,0,0,0,0,0
2265,2022-12,2,0,0,0,0,0,0,0,0,0
2265,2023-01,1,0,0,0,0,0,0,0,0,0
2265,2023-02,2,0,0,0,0,0,0,0,0,0
2275,2022-12,2,0,0,0,0,0,0,0,0,1
2275,2023-01,3,0,0,0,0,0,0,0,0,0
2275,2023-02,3,0,0,0,0,0,0,0,1,0
2275,2023-03,1,0,0,0,0,0,0,0,0,0
2275,2023-05,2,0,0,0,0,0,0,0,0,0
2275,2023-06,1,0,0,0,0,0,0,0,0,0
2275,2023-07,1,0,0,0,0,0,0,0,0,0
2275,2023-08,9,0,0,0,0,0,0,0,0,0
2275,2023-09,3,0,0,0,0,0,0,0,0,0
2275,2023-11,2,0,0,0,0,0,0,0,0,0
2275,2024-01,8,0,0,0,1,0,0,0,1,1
2275,2024-02,4,0,0,0,0,0,0,0,1,0
2275,2024-04,2,0,0,0,0,0,0,0,0,0
2275,2024-05,2,0,0,0,0,0,0,0,1,0
2275,2024-06,1,0,0,0,1,0,0,0,1,0
2275,2024-07,4,0,2,0,0,2,0,0,0,0
2275,2024-08,1,0,0,0,0,0,0,0,0,0
2275,2024-09,31,0,0,0,0,0,0,0,0,0
2275,2024-10,1,0,0,0,0,0,0,1,0,0
2275,2024-11,4,0,0,0,0,0,0,0,0,0
2275,2024-12,2,0,1,0,0,1,0,0,0,0
2278,2022-12,1,0,0,0,0,0,0,0,0,0
2281,2024-05,2,0,0,0,2,0,0,0,0,0
2282,2023-03,1,0,0,0,0,0,0,0,0,0
2282,2024-07,2,0,1,1,0,1,0,0,0,0
2286,2023-05,1,0,0,0,0,0,0,0,0,0
2286,2023-06,1,0,0,0,0,0,0,0,0,0
2295,2023-07,1,0,0,0,0,0,0,0,0,0
2303,2024-04,3,0,0,0,0,0,0,0,0,0
2303,2024-07,1,0,1,1,0,0,0,0,0,0
2303,2024-10,11,0,0,0,0,0,0,0,0,0
2318,2022-12,12,0,0,11,0,0,0,0,0,0
2318,2023-03,1,0,0,0,0,0,0,0,0,0
2318,2023-04,2,0,0,0,0,0,0,0,0,0
2318,2023-06,1,0,0,0,0,0,0,0,1,0
2318,2023-07,4,0,1,1,0,0,0,0,0,0
2318,2023-12,2,0,0,0,0,0,0,0,0,0
2318,2024-01,5,5,0,0,0,0,0,0,3,0
2318,2024-02,2,0,0,0,0,0,0,0,0,0
2318,2024-03,1,0,0,0,0,0,0,0,0,0
2318,2024-04,3,0,0,0,0,0,0,0,0,0
2318,2024-05,1,0,0,0,0,0,0,0,0,0
2318,2024-06,1,1,0,0,0,0,0,0,0,0
2318,2024-07,1,0,0,0,0,0,0,0,0,0
2318,2024-08,2,2,0,0,0,0,0,0,1,0
2318,2024-09,2,2,0,0,0,0,0,0,0,0
2320,2023-05,1,0,0,1,0,0,0,0,1,0
2320,2024-07,2,0,0,0,0,0,0,0,0,0
2320,2024-11,1,0,0,0,0,0,0,0,0,0
2338,2024-01,1,0,0,0,1,0,0,0,0,0
2338,2024-09,1,0,0,0,0,0,0,0,0,0
2344,2024-07,1,0,0,0,0,0,0,0,0,0
2344,2024-09,1,0,0,0,0,0,0,0,0,0
2434,2024-01,1,0,0,0,0,0,0,0,0,0
2465,2024-07,1,0,0,0,0,0,0,0,0,0
2465,2024-08,1,1,0,0,0,0,0,0,0,0
2469,2023-04,1,0,0,0,0,0,0,0,0,0
2504,2023-08,1,0,0,0,0,0,0,0,0,0
2536,2023-07,1,0,0,0,0,0,0,0,0,0
2536,2024-02,1,0,0,0,0,0,0,0,0,0
2536,2024-05,1,0,0,0,0,0,0,0,0,0
2536,2024-07,1,0,0,0,0,0,0,0,0,0
2541,2024-01,1,0,0,0,0,0,0,0,0,0
2541,2024-03,1,0,0,0,0,0,0,0,0,0
2542,2024-09,1,0,0,0,0,0,0,0,0,0
2573,2023-01,1,0,0,0,0,0,0,0,0,0
2599,2023-02,1,0,0,0,0,0,0,0,0,0
2599,2023-04,1,1,0,0,0,0,0,0,0,0
2599,2023-07,1,0,0,0,0,0,0,0,0,0
2599,2023-08,2,0,0,0,0,0,0,0,0,0
2599,2023-09,1,0,0,0,0,0,0,0,0,0
2599,2023-12,1,0,0,0,0,0,0,0,0,0
2599,2024-02,1,0,0,0,0,0,0,0,0,0
2599,2024-10,1,0,0,0,1,0,0,0,0,1
2599,2024-11,2,0,0,0,0,0,0,0,0,0
2599,2024-12,1,0,0,0,0,0,0,0,0,0
2618,2023-01,4,0,0,0,0,0,0,0,0,0
2618,2023-06,1,0,0,0,0,0,0,0,0,0
2618,2024-05,4,0,0,0,0,0,0,0,0,0
2618,2024-09,1,0,0,0,0,0,0,0,0,0
2620,2024-06,2,0,0,0,0,0,0,0,1,0
2644,2022-12,1,0,0,0,0,0,0,0,0,0
2644,2023-06,2,0,0,0,0,0,0,0,0,2
2644,2023-08,2,0,0,0,0,0,0,0,0,0
2644,2024-01,3,0,0,0,0,0,0,0,0,0
2644,2024-02,1,0,0,0,0,0,0,0,0,0
2644,2024-03,1,0,0,0,0,0,0,0,0,0
2644,2024-06,3,0,0,0,0,0,0,0,0,0
2644,2024-09,1,0,0,0,0,0,0,0,0,0
2644,2024-10,2,0,0,0,0,0,0,0,0,1
2644,2024-11,1,0,0,0,0,0,0,0,0,0
2644,2024-12,1,0,0,0,0,0,0,0,0,0
2646,2023-01,2,0,0,0,0,0,0,0,2,0
2646,2024-03,1,0,0,0,0,0,0,0,0,0
2646,2024-07,1,0,0,0,0,0,0,0,0,0
2647,2024-08,1,0,0,0,0,0,0,0,0,0
2649,2023-03,1,1,0,0,0,0,0,0,0,0
2649,2023-04,1,0,0,0,0,0,0,0,0,0
2649,2023-08,1,0,0,0,0,0,0,0,0,0
2649,2023-10,1,0,0,0,0,0,0,0,0,0
2649,2024-04,1,0,0,0,0,0,0,0,0,0
2651,2022-12,1,0,0,0,0,0,0,0,0,0
2651,2024-07,1,0,0,0,1,0,0,0,0,0
2651,2024-08,1,0,0,0,0,0,0,0,0,0
2651,2024-09,1,0,0,0,1,0,0,0,0,0
2651,2024-11,4,0,0,0,3,0,0,0,0,0
2651,2024-12,2,0,0,0,0,0,0,0,0,0
2808,2022-12,1,0,0,0,0,0,0,0,0,0
2808,2023-01,3,0,0,2,0,0,0,0,0,0
2808,2023-02,1,1,0,0,0,0,0,0,0,0
2808,2023-03,8,3,0,8,0,0,0,0,0,0
2808,2023-05,1,0,0,0,0,0,0,0,0,0
2808,2023-07,2,0,0,0,0,0,0,0,0,0
2808,2023-11,1,0,0,1,0,0,0,0,0,0
2808,2024-06,1,0,0,0,0,0,0,0,0,0
2808,2024-07,7,0,0,0,0,0,0,0,0,0
2808,2024-08,2,0,0,0,0,0,0,0,0,0
2808,2024-09,1,1,0,0,0,0,0,0,0,0
2808,2024-11,3,3,0,0,0,0,0,0,0,0
2813,2023-01,1,0,0,0,0,0,0,0,1,0
2814,2023-05,1,0,0,0,0,0,0,0,0,0
2814,2024-02,1,0,0,0,0,0,0,0,0,0
2814,2024-12,1,0,0,0,0,0,0,0,0,0
2876,2023-05,1,0,0,0,0,0,0,0,0,0
2876,2023-07,1,0,0,1,0,0,0,0,0,0
2876,2023-10,1,0,0,0,0,0,0,0,0,0
2876,2024-03,1,0,0,0,0,0,0,0,0,0
2876,2024-10,1,0,0,0,0,0,0,0,0,0
2876,2024-12,5,0,0,0,2,0,0,0,0,0
2884,2024-06,2,0,0,0,0,0,0,0,0,0
2887,2022-12,2,0,0,0,0,0,0,0,0,0
2887,2023-02,3,0,0,2,1,0,0,0,0,0
2887,2023-03,1,0,0,0,0,0,0,0,0,0
2887,2023-05,1,0,0,0,0,0,0,0,0,0
2887,2023-06,1,0,0,0,0,0,0,0,0,0
2887,2023-08,5,0,0,0,4,0,0,0,0,0
2887,2023-09,4,2,0,0,1,0,0,0,0,0
2887,2023-10,2,0,0,0,0,0,0,0,0,0
2887,2023-12,1,0,0,1,0,0,0,0,0,0
2887,2024-01,2,0,0,0,0,0,0,0,0,0
2887,2024-05,3,0,0,1,0,0,0,0,0,0
2887,2024-06,6,0,0,2,3,0,0,0,0,0
2887,2024-07,1,0,0,0,0,0,0,0,0,0
2887,2024-08,13,10,0,1,0,0,0,0,0,0
2887,2024-09,4,2,0,1,0,0,0,0,0,0
2887,2024-10,5,1,0,0,0,0,0,0,0,3
2887,2024-11,7,1,0,4,0,0,0,0,0,2
2887,2024-12,7,0,0,3,0,0,0,0,0,2
3008,2022-12,46,0,0,3,37,0,0,0,0,0
3008,2023-01,1,0,0,0,0,0,0,0,0,0
3008,2023-02,7,0,0,0,0,0,0,0,0,0
3008,2023-03,3,0,0,0,0,0,0,0,0,0
3008,2023-04,6,0,0,0,0,0,0,0,0,0
3008,2023-05,9,0,0,0,0,0,0,0,0,0
3008,2023-07,4,0,0,0,2,0,0,0,2,0
3008,2023-08,2,2,0,0,0,0,0,0,0,0
3008,2023-10,2,0,0,0,2,0,0,0,0,0
3008,2024-02,1,0,0,0,0,0,0,0,0,0
3008,2024-05,1,0,0,0,0,0,0,0,0,0
3008,2024-06,2,0,0,0,0,0,0,0,0,0
3008,2024-07,2,0,0,0,0,0,0,0,0,0
3008,2024-08,5,0,0,0,0,0,0,0,0,0
3008,2024-09,3,0,0,0,0,0,0,0,0,0
3008,2024-10,3,0,0,0,0,0,0,0,0,0
3008,2024-11,2,0,0,0,0,0,0,0,0,0
3008,2024-12,3,0,0,0,0,0,0,0,0,0
3009,2023-06,3,0,0,3,0,0,0,0,3,0
3009,2023-08,1,0,0,0,0,0,0,0,0,0
3009,2024-01,1,0,0,0,0,0,0,0,1,0
3009,2024-04,2,0,0,0,0,0,0,0,0,0
3009,2024-05,1,0,0,0,0,0,0,0,0,0
3009,2024-06,1,1,0,0,0,0,0,0,0,0
3011,2024-01,2,0,0,0,1,0,0,0,2,0
3013,2022-12,1,0,0,0,0,0,0,1,0,0
3013,2023-03,1,0,0,0,0,0,0,0,0,0
3013,2023-07,1,0,0,0,0,0,0,0,0,0
3013,2023-08,1,0,0,0,0,0,0,0,0,0
3013,2024-10,1,0,0,0,0,0,0,0,0,0
3014,2024-09,1,0,0,0,0,0,0,0,0,0
