date,retail_total,retail_food,retail_nonfood,food_service
2000-01,170269.413,79451.815,90817.598,
2000-02,168131.688,79185.985,88945.703,
2000-03,179342.081,83901.752,95440.32900000001,
2000-04,177760.632,82314.392,95446.24,
2000-05,179779.553,83711.741,96067.81200000002,
2000-06,185232.379,86549.747,98682.63199999998,
2000-07,190152.071,88770.11700000001,101381.95399999998,
2000-08,202641.965,92483.485,110158.48,
2000-09,205566.055,94662.658,110903.397,
2000-10,214262.993,99303.908,114959.08499999999,
2000-11,220486.254,101489.37,118996.88399999999,
2000-12,258649.21599999978,121370.23,137278.9859999998,
2001-01,214401.555,99423.404,114978.151,
2001-02,216424.018,100769.674,115654.34400000001,
2001-03,234397.126,109605.979,124791.14699999998,
2001-04,237702.06799999997,110259.62399999998,127442.44399999999,
2001-05,244026.59,113000.87,131025.72,
2001-06,247856.137,114147.33,133708.80699999997,
2001-07,250508.02300000002,117648.533,132859.49,
2001-08,266260.725,122457.87300000002,143802.85199999996,
2001-09,266507.992,121592.619,144915.37300000002,
2001-10,277775.431,125147.852,152627.57899999997,
2001-11,283858.291,129471.232,154387.059,
2001-12,330296.04399999976,153307.308,176988.73599999977,
2002-01,270921.112,129322.54499999998,141598.56700000004,
2002-02,267963.504,126670.711,141292.793,
2002-03,289100.004,137713.503,151386.50100000002,
2002-04,293581.85957015184,139596.42054592448,153985.43902422735,
2002-05,291944.97062804,139862.537468615,152082.43315942504,
2002-06,298686.84316758084,140853.57005714456,157833.27311043628,
2002-07,311043.2309040184,145182.9387102419,165860.2921937765,
2002-08,325343.7374688426,148611.67935721722,176732.05811162537,
2002-09,327077.0988877049,149825.11454156155,177251.98434614335,
2002-10,340470.7214364581,153477.96482402258,186992.75661243554,
2002-11,347214.5159790975,156835.4469230538,190379.06905604372,
2002-12,402016.00195810583,185967.16857221894,216048.8333858869,
2003-01,329452.277554844,152787.83965170413,176664.5,
2003-02,327179.667849511,151047.64121818464,176132.1,
2003-03,357171.0,165946.19966668705,191224.80033331295,
2003-04,356815.97995833756,166871.92828091254,189944.051677425,
2003-05,355593.7581520851,167179.62647938108,188414.2,
2003-06,359537.30536860606,168882.25464446534,190655.0,
2003-07,371068.6095336636,173202.21951012203,197866.39002354158,
2003-08,382236.2963858859,176537.61034110945,205698.68604477646,
2003-09,389246.22693143593,177532.7714514222,211713.4,
2003-10,406859.0879079634,183686.38241827136,223172.70548969202,
2003-11,413163.0,186391.91074896295,226771.08925103705,
2003-12,481309.6092017002,221681.4708888489,259628.13831285128,
2004-01,399626.8884514763,185789.82528317178,213837.0631683045,
2004-02,400616.9846181644,185012.47755562922,215604.5070625352,
2004-03,437100.6815053201,202885.34762910183,234215.4,
2004-04,439059.7213996366,203970.9845622442,235088.73683739238,
2004-05,439144.0171196653,204033.70831817304,235110.30880149224,
2004-06,444004.80461068475,206494.58437729347,237510.22023339127,
2004-07,463465.87264087127,213317.43626156868,250148.5,
2004-08,479200.82501755725,216569.22650946502,262631.5985080922,
2004-09,487783.52567749436,220471.3,267312.22567749437,
2004-10,512695.4822424764,228399.30971888252,284296.1725235939,
2004-11,525405.6838391238,233538.654273842,291867.0295652818,
2004-12,614393.1778701486,279816.35681058175,334576.8210595668,
2005-01,485835.84585341177,222645.59699844435,263190.2488549674,
2005-02,488921.0780599961,225362.20688249724,263558.8711774989,
2005-03,536448.5,248324.4847769296,288124.0152230704,
2005-04,553322.4307637934,256421.83869875516,296900.5920650383,
2005-05,559700.013040967,261035.03154696658,298664.9814940005,
2005-06,561847.199869775,259755.61521621622,302091.5846535588,
2005-07,580828.5103710071,268193.65084819944,312634.8,
2005-08,600829.8279235204,272189.4780450625,328640.34987845784,
2005-09,615211.0918785584,277455.67375707655,337755.41812148184,
2005-10,638901.9748438324,285995.5655707073,352906.4092731251,
2005-11,648263.9911203723,290496.9973444119,357766.9937759604,
2005-12,771398.7400301293,349771.1,421627.64003012935,
2006-01,594555.4,275015.53954851895,319539.8604514811,
2006-02,599680.1684946286,277125.45799161145,322554.7105030172,
2006-03,662911.5788244469,304136.0,358775.5788244469,
2006-04,678786.4674373366,308895.96235837025,369890.5050789663,
2006-05,689015.3236445546,316686.2420176919,372329.0816268627,
2006-06,700288.1245693157,319195.95185517083,381092.1,
2006-07,725560.1932006251,329750.14100866846,395810.05219195667,
2006-08,751736.8547827102,335280.2594675493,416456.5953151609,
2006-09,760042.4098848827,339489.41923905275,420552.99064583,
2006-10,793538.7,351100.949208573,442437.750791427,
2006-11,798910.5965588652,356346.7896142429,442563.80694462225,
2006-12,956893.9719316012,434379.58541175723,522514.38651984395,
2007-01,727740.0179708062,328331.58849420224,399408.429476604,
2007-02,728474.0288192409,333564.6760858137,394909.3,
2007-03,801615.3671266238,366046.50992894813,435568.9,
2007-04,826250.7105043259,373916.85662857664,452333.8,
2007-05,847079.2,383861.1,463218.0772870424,
2007-06,869214.99354653,394096.6237477173,475118.3697988127,
2007-07,903208.1630305933,405690.2,497518.03376509773,
2007-08,942545.0689269954,416816.95448620385,525728.1144407915,
2007-09,953503.4131803163,421695.0,531808.4,
2007-10,1004148.9864167215,444660.0653808887,559488.9210358327,
2007-11,1023422.1,455789.4199364115,567632.7476548266,
2007-12,1241774.2798104857,566874.3534460017,674899.926364484,
2008-01,944047.8125535356,442816.71124801546,501231.1013055201,
2008-02,964336.5739399247,452035.518991443,512301.05494848173,
2008-03,1049390.6121823795,494702.6595260257,554687.9,
2008-04,1076891.9492824215,490675.6210551081,586216.3282273135,
2008-05,1115861.0,528833.5,587027.4994450647,
2008-06,1138991.539226852,533138.2,605853.2639493312,
2008-07,1187471.3917120562,549406.3530791808,638065.0386328754,
2008-08,1231254.6,565117.4,666137.2,
2008-09,1245409.0252544815,569705.9756612823,675703.0495931992,
2008-10,1280298.5809999197,587821.6,692477.0407724186,
2008-11,1247058.9072062508,581361.0946137154,665697.8125925354,
2008-12,1463171.212140698,700031.5,763139.6607036996,
2009-01,1103088.2,531928.9,571159.3,
2009-02,1073052.6,520288.3,552764.3,
2009-03,1154454.2,565968.0,588486.2,
2009-04,1151362.3,569109.8,582252.5,
2009-05,1175163.0,583702.9,591460.100000001,
2009-06,1186653.6,583735.9,602917.7,
2009-07,1218776.0,595963.2,622812.8,
2009-08,1236482.9,596198.5,640284.4,
2009-09,1232797.9,590581.7,642216.2,
2009-10,1273840.1,608222.9,665617.1999999993,
2009-11,1265166.8,605872.0999999987,659294.7,
2009-12,1528315.5,745506.9,782808.6,
2010-01,1196411.5,583568.7,612842.8,
2010-02,1166650.0,569702.9000000001,596947.0999999999,
2010-03,1270907.2000000002,618540.2,652367.0000000002,
2010-04,1283252.5999999996,624925.2,658327.3999999997,
2010-05,1320554.6000000006,645394.7999999998,675159.8000000007,
2010-06,1339815.5,650031.5,689784.0,
2010-07,1384498.4000000004,673911.0,710587.4000000004,
2010-08,1418420.0999999996,684216.0,734204.0999999996,
2010-09,1412992.4000000004,680878.0,732114.4000000004,
2010-10,1466955.5,702671.7000000002,764283.7999999998,
2010-11,1475351.5,705271.2999999998,770080.2000000002,
2010-12,1776237.6999999993,863056.9000000004,913180.7999999989,
2011-01,1362444.3,666828.6,695615.7000000001,
2011-02,1355632.9000000001,667405.2000000001,688227.7000000001,
2011-03,1466720.7999999998,715941.7,750779.0999999999,
2011-04,1486379.2999999998,721307.6000000001,765071.6999999997,
2011-05,1533791.7999999998,737388.1000000001,796403.6999999997,
2011-06,1553053.3000000007,741569.2000000002,811484.1000000006,
2011-07,1600886.6999999993,761399.2999999998,839487.3999999994,
2011-08,1654434.9000000004,771393.8999999994,883041.0000000009,
2011-09,1645174.5999999996,765679.5,879495.0999999996,
2011-10,1703295.5,793324.8000000007,909970.6999999993,
2011-11,1696049.0999999996,793831.0999999996,902218.0,
2011-12,2046473.3,968255.3000000007,1078218.0,
2012-01,1524554.3,721992.4,802561.9,
2012-02,1524379.2,718270.9999999999,806108.2000000001,
2012-03,1640826.0999999996,770255.3000000003,870570.7999999993,
2012-04,1650105.0,768343.3999999999,881761.6000000001,
2012-05,1712886.7000000002,798938.8999999999,913947.8000000003,
2012-06,1749204.500000001,813773.0,935431.5000000009,
2012-07,1794081.0999999996,831893.4000000004,962187.6999999993,
2012-08,1848721.4000000004,849730.3999999994,998991.0000000009,
2012-09,1849584.8999999985,848245.6000000006,1001339.299999998,
2012-10,1904490.3000000007,877441.7999999998,1027048.5000000009,
2012-11,1900264.3999999985,883157.1000000006,1017107.299999998,
2012-12,2295428.3000000007,1079319.1999999993,1216109.1000000015,
2013-01,1710669.1,809793.5,900875.6000000001,
2013-02,1690368.1,799362.3,891005.8,
2013-03,1840263.3999999994,872428.5999999999,967834.7999999996,
2013-04,1850350.4000000004,866958.8000000003,983391.6000000001,
2013-05,1902286.6999999993,907993.2000000002,994293.4999999991,
2013-06,1940156.8000000007,916067.5999999996,1024089.2000000011,
2013-07,1991220.9000000004,934276.2999999998,1056944.6000000006,
2013-08,2041058.5999999996,948327.0,1092731.5999999996,
2013-09,2019742.1999999993,935684.0,1084058.1999999983,
2013-10,2083147.6999999993,973439.6000000006,1109708.0999999987,
2013-11,2099450.0,989019.4000000004,1110430.5999999996,
2013-12,2517199.6000000015,1189658.5999999996,1327541.0000000019,
2014-01,1867121.9,882661.0,984460.9,
2014-02,1871319.6,884503.9,986815.7,
2014-03,2054512.7,962352.1,1092160.6,
2014-04,2042859.0,963582.5,1079276.5,
2014-05,2095042.7,999424.6,1095618.1,
2014-06,2118848.4,1003277.1,1115571.3,
2014-07,2192215.1,1034007.9,1158207.2,
2014-08,2263758.3,1061836.0,1201922.3,
2014-09,2241267.9,1044275.5,1196992.4,
2014-10,2310873.6,1084612.9,1226260.7,
2014-11,2343613.6,1097921.1,1245692.5,
2014-12,2954804.5,1362350.9,1592453.6,
2015-01,2049344.6000000003,1001015.1,1048329.5000000003,
2015-02,2023371.8999999992,999658.6,1023713.2999999992,
2015-03,2195472.099999999,1086521.200000001,1108950.8999999983,
2015-04,2157754.9000000013,1064924.1999999993,1092830.700000002,
2015-05,2212570.200000001,1092590.2999999993,1119979.9000000018,
2015-06,2222275.8999999985,1082384.2000000011,1139891.6999999974,
2015-07,2300092.1999999993,1115592.7999999998,1184499.3999999994,
2015-08,2375624.0999999996,1131543.1999999993,1244080.9000000004,
2015-09,2321769.4000000022,1113343.1999999993,1208426.200000003,
2015-10,2384523.6000000015,1151915.5000000019,1232608.0999999996,
2015-11,2386473.8000000007,1158046.8000000007,1228427.0,
2015-12,2897520.5,1414728.9000000004,1482791.5999999996,
2016-01,2129100.1,1047258.4999999999,1081841.6,
2016-02,2119230.4999999995,1045506.4000000003,1073724.0999999992,
2016-03,2246595.999999999,1105040.2999999996,1141555.6999999995,
2016-04,2221632.7,1087208.9,1134423.8000000003,
2016-05,2256633.9000000004,1105137.7999999998,1151496.1000000006,
2016-06,2282371.0,1107676.3000000007,1174694.6999999993,
2016-07,2339313.1000000015,1147091.0,1192222.1000000015,
2016-08,2476400.8000000007,1163906.8999999976,1312493.9000000032,
2016-09,2406808.5999999978,1149029.7000000011,1257778.8999999966,
2016-10,2432088.3999999985,1170995.0,1261093.3999999985,
2016-11,2423856.5,1178031.200000003,1245825.299999997,
2016-12,2906853.3000000007,1409697.9999999963,1497155.3000000045,
2017-01,2215056.1999999997,1080764.7,1134291.4999999998,
2017-02,2176698.900000001,1063877.0000000002,1112821.9000000006,
2017-03,2361375.6999999993,1151958.8000000003,1209416.899999999,
2017-04,2336913.3,1140734.8000000003,1196178.4999999995,
2017-05,2386422.6999999993,1163822.0999999996,1222600.5999999996,
2017-06,2421476.200000003,1165560.2999999998,1255915.9000000032,
2017-07,2498442.6999999974,1207685.5,1290757.1999999974,
2017-08,2574108.6000000015,1229217.500000001,1344891.1000000006,
2017-09,2558442.0999999978,1229880.0999999996,1328561.9999999981,
2017-10,2582553.700000003,1245469.6999999993,1337084.0000000037,
2017-11,2559744.4999999963,1235929.3999999985,1323815.0999999978,
2017-12,3074300.8999999985,1487941.0000000019,1586359.8999999966,
2018-01,2330355.5,1128064.2,1202291.3,
2018-02,2271805.5999999996,1105994.9000000001,1165810.6999999995,
2018-03,2486381.1000000006,1208330.6,1278050.5000000005,
2018-04,2468630.999999999,1193862.8999999994,1274768.0999999996,
2018-05,2522567.1000000015,1212988.5,1309578.6000000015,
2018-06,2573304.1999999993,1223773.5,1349530.6999999993,
2018-07,2643918.5,1247535.0,1396383.5,
2018-08,2743964.3000000007,1274702.3000000007,1469262.0,
2018-09,2719146.8000000007,1267097.7999999989,1452049.0000000019,
2018-10,2744879.6999999993,1291625.8000000007,1453253.8999999985,
2018-11,2762866.5999999978,1309298.9000000004,1453567.6999999974,
2018-12,3311551.4000000022,1592156.6999999993,1719394.700000003,
2019-01,2507466.8,1215819.4,1291647.4,
2019-02,2454583.2,1195176.4,1259406.8000000003,
2019-03,2690389.5999999996,1311016.4000000004,1379373.1999999993,
2019-04,2656930.9000000004,1288404.7000000002,1368526.2000000002,
2019-05,2703164.5999999996,1319290.6999999993,1383873.9000000004,
2019-06,2741052.0,1316855.4000000004,1424196.5999999996,
2019-07,2807028.200000001,1338591.5,1468436.7000000011,
2019-08,2897451.3000000007,1356971.3000000007,1540480.0,
2019-09,2856200.0,1341891.5999999996,1514308.4000000004,
2019-10,2904566.5999999978,1373706.4000000004,1530860.1999999974,
2019-11,2932544.1999999993,1390120.0,1542424.1999999993,
2019-12,3472925.8999999985,1672926.6999999993,1799999.1999999993,
2020-01,2642507.3,1275123.4,1367383.9,141926.5
2020-02,2632937.6000000006,1276404.3000000003,1356533.3000000003,138338.0
2020-03,2953137.1999999993,1430706.7999999998,1522430.3999999994,132988.9
2020-04,2144419.8000000007,1229443.7000000002,914976.1000000006,66146.8
2020-05,2307020.799999999,1265468.2000000002,1041552.5999999987,66994.3
2020-06,2671620.8000000007,1331574.6999999993,1340046.1000000015,82315.6
2020-07,2906007.1999999993,1394375.5999999996,1511631.5999999996,112138.5
2020-08,3001317.6000000015,1392321.9000000004,1608995.7000000011,131673.6
2020-09,2953212.1999999993,1379118.5,1574093.6999999993,146703.4
2020-10,3038697.8999999985,1432676.7000000011,1606021.1999999974,145216.1
2020-11,3021124.4000000022,1433112.1999999993,1588012.200000003,135694.0
2020-12,3601657.4000000022,1746847.0999999996,1854810.3000000026,147277.1
2021-01,2842310.5,1365558.0,1476752.5,135949.2
2021-02,2797184.5,1348551.5,1448633.0,135668.39999999997
2021-03,3084754.6999999993,1462490.5,1622264.1999999993,148620.10000000003
2021-04,3118289.1000000015,1464951.9000000004,1653337.2000000011,154848.3
2021-05,3169553.6999999993,1490727.0999999996,1678826.5999999996,157752.5
2021-06,3206696.0,1505489.5999999996,1701206.4000000004,156362.69999999995
2021-07,3310303.6999999993,1544894.3000000007,1765409.3999999985,159605.90000000014
2021-08,3437156.4000000022,1559878.5999999996,1877277.8000000026,169851.3999999999
2021-09,3413627.5999999978,1564023.0999999996,1849604.4999999981,182165.3999999999
2021-10,3483555.5,1635872.2000000011,1847683.2999999989,177256.7000000002
2021-11,3432761.3000000007,1626763.8999999985,1805997.4000000022,164974.69999999995
2021-12,4175824.6000000015,1985029.6000000015,2190795.0,188355.80000000005
2022-01,3266307.2,1538062.9,1728244.3000000003,170162.7
2022-02,3300032.7,1548528.2000000002,1751504.5,167565.2
2022-03,3774587.0,1792664.9,1981922.1,177810.39999999997
2022-04,3389109.4000000004,1722637.4000000004,1666472.0,180932.60000000003
2022-05,3426331.3000000007,1750284.0999999996,1676047.2000000011,182831.40000000002
2022-06,3439993.6999999993,1739645.0,1700348.6999999993,185845.5
2022-07,3524268.8000000007,1772864.1999999993,1751404.6000000015,191537.0
2022-08,3611473.8999999985,1763784.8000000007,1847689.0999999978,203734.80000000005
2022-09,3501178.3000000007,1727467.9000000004,1773710.4000000004,221982.5
2022-10,3561461.5999999978,1772082.2999999989,1789379.2999999989,221200.09999999986
2022-11,3577198.1000000015,1770890.1999999993,1806307.9000000022,215789.50000000023
2022-12,4205073.8999999985,2134880.700000003,2070193.1999999955,230754.7999999998
2023-01,3443616.7,1679522.1,1764094.6,217670.5
2023-02,3405860.0999999996,1678363.6,1727496.4999999995,208022.0
2023-03,3726600.500000001,1825430.2999999998,1901170.2000000011,227533.69999999995
2023-04,3732781.1999999993,1823013.5999999996,1909767.5999999996,227720.80000000005
2023-05,3837240.8000000007,1867601.0999999996,1969639.7000000011,233536.6000000001
2023-06,3936149.1999999993,1889185.1000000015,2046964.0999999978,230879.69999999995
2023-07,4119000.3000000007,1938324.0,2180676.3000000007,232947.59999999986
2023-08,4297149.199999999,1973960.2999999989,2323188.9000000004,238882.6000000001
2023-09,4188795.200000003,1933932.8000000007,2254862.4000000022,256345.69999999995
2023-10,4286236.6999999955,1981702.7000000011,2304533.9999999944,261752.40000000014
2023-11,4208689.8000000045,1996766.1999999993,2211923.600000005,253978.19999999972
2023-12,4973602.6999999955,2438087.1999999993,2535515.4999999963,279104.7000000002
2024-01,4034140.5,1923669.6,2110470.9,255914.9
2024-02,4123737.9000000004,1971018.7999999998,2152719.1000000006,261364.69999999998
2024-03,4485582.199999999,2114049.1999999997,2371532.9999999995,273769.6
2024-04,4391247.299999999,2090632.2000000002,2300615.0999999987,279398.19999999995
2024-05,4507423.5,2166442.7,2340980.8,282566.40000000014
2024-06,4571320.400000002,2175365.5999999996,2395954.8000000026,287655.59999999986
2024-07,4760348.199999999,2241256.8000000007,2519091.3999999985,294907.7000000002
2024-08,4887872.1000000015,2264973.4000000004,2622898.700000001,307400.8999999999
2024-09,4777944.0,2189275.0999999978,2588668.9000000022,313022.2000000002
2024-10,4810549.0,2241601.5,2568947.5,319028.7999999998
2024-11,4789679.0,2271305.8000000007,2518373.1999999993,311479.0
2024-12,5651579.1999999955,2760456.0,2891123.1999999955,345650.1000000001
2025-01,4570260.0,2178642.8,2391617.2,390846.1
2025-02,4522575.0,2174379.3,2348195.7,381123.20000000007
2025-03,5017788.300000001,2419232.2,2598556.1000000006,418493.3999999999
2025-04,4911758.8999999985,2401952.3,2509806.5999999987,436050.80000000005
2025-05,5060964.5,2497478.4000000004,2563486.0999999996,448685.19999999995
2025-06,5106370.5,2474162.6999999993,2632207.8000000007,430808.19999999995
2025-07,5377424.599999998,2585828.8000000007,2791595.799999997,438755.8000000003
2025-08,5494808.1000000015,2555954.3000000007,2938853.8000000007,458058.6999999997
2025-09,5263884.6000000015,2417201.0999999978,2846683.5000000037,466016.0
2025-10,5477746.3999999985,2497412.700000003,2980333.6999999955,472281.8999999999
2025-11,5240995.6000000015,2437827.0,2803168.6000000015,440385.2000000002
2025-12,6275415.700000003,3004196.299999997,3271219.400000006,488561.5999999996
